기간,자치구,법정동,토지현황(지목별),토지현황(지목별),토지현황(지목별),토지현황(지목별),토지현황(지목별),토지현황(지목별),토지현황(지목별),토지현황(지목별),토지현황(지목별),토지현황(지목별),토지현황(지목별),토지현황(지목별),토지현황(지목별),토지현황(지목별),토지현황(지목별),토지현황(지목별),토지현황(지목별),토지현황(지목별),토지현황(지목별),토지현황(지목별),토지현황(지목별),토지현황(지목별),토지현황(지목별),토지현황(지목별),토지현황(지목별),토지현황(지목별)
기간,자치구,법정동,합계,전,답,과수원,목장용지,임야,대지,공장용지,학교용지,주차장,주유소용지,창고용지,도로,철도용지,제방,하천,구거,유지,수도용지,공원,체육용지,유원지,종교용지,사적지,묘지,잡종지
2021,합계,합계,"605,243,961.2","9,571,764.2","8,613,908.5","277,255.4",388,"137,876,641.4","222,144,293.9","2,818,849.5","24,815,067.7","1,214,026.7","555,416.1","92,407.8","80,256,644.0","7,111,169.1","3,842,438.3","52,098,115.1","3,298,991.7","1,492,995.7","1,579,046.2","23,206,088.2","1,481,948.5","219,119.4","2,360,177.5","1,590,583.2","2,329,188.2","16,397,436.9"
2021,종로구,소계,"23,912,935.7","800,294.5",-,-,-,"9,359,338.5","8,181,175.0",-,"918,486.7","22,566.6","5,974.6",-,"2,386,731.1",932.9,"10,946.9","275,725.2","164,401.5",-,85.2,"319,676.0",-,-,"106,967.4","1,244,517.4","11,001.0","104,115.2"
2021,종로구,청운동,"797,032.5",-,-,-,-,"441,206.1","176,829.7",-,"99,338.1",-,-,-,"50,790.1",-,-,"2,529.3","3,705.4",-,-,"22,633.8",-,-,-,-,-,-
2021,종로구,신교동,"99,144.0",-,-,-,-,"6,344.3","37,969.5",-,"37,241.8","1,971.4",-,-,"10,024.7",-,-,831.1,441.3,-,-,"3,888.6",-,-,342.8,88.5,-,-
2021,종로구,궁정동,"73,042.7",-,-,-,-,-,"36,054.0",-,-,-,-,-,"14,836.6",-,-,-,333.8,-,-,-,-,-,-,"21,818.3",-,-
2021,종로구,효자동,"59,135.9",-,-,-,-,-,"44,176.8",-,-,787.4,-,-,"12,877.4",-,-,429.8,864.5,-,-,-,-,-,-,-,-,-
2021,종로구,창성동,"59,706.1",-,-,-,-,-,"43,532.5",-,-,-,-,-,"14,495.8",-,-,-,"1,033.2",-,-,-,-,-,644.6,-,-,-
2021,종로구,통의동,"62,960.3",-,-,-,-,-,"44,624.8",-,-,-,-,-,"17,045.9",-,-,"1,107.5",182.1,-,-,-,-,-,-,-,-,-
2021,종로구,적선동,"43,131.9",-,-,-,-,-,"22,424.1",-,-,"2,969.4",-,-,"16,072.2",148.8,-,638,879.4,-,-,-,-,-,-,-,-,-
2021,종로구,통인동,"50,330.9",-,-,-,-,-,"38,948.0",-,-,-,-,-,"9,990.8",-,-,727.3,664.8,-,-,-,-,-,-,-,-,-
2021,종로구,누상동,"261,803.6",-,-,-,-,"187,452.2","45,223.5",-,"16,232.6","1,216.5",-,-,"10,491.6",-,-,-,"1,187.2",-,-,-,-,-,-,-,-,-
2021,종로구,누하동,"56,702.3",-,-,-,-,-,"30,475.0",-,"14,185.7",-,-,-,"11,370.6",-,-,49.6,621.4,-,-,-,-,-,-,-,-,-
2021,종로구,옥인동,"414,842.7",-,-,-,-,"225,416.2","109,315.6",-,-,430,-,-,"30,635.6",-,-,826.5,"1,130.6",-,-,"47,088.2",-,-,-,-,-,-
2021,종로구,체부동,"45,188.5",-,-,-,-,-,"37,523.3",-,-,-,-,-,"4,144.9",-,-,644.6,"2,677.4",-,-,-,-,-,198.3,-,-,-
2021,종로구,필운동,"86,207.7",-,-,-,-,"9,809.0","38,068.6",-,"20,065.4",337.2,-,-,"15,189.2",-,-,-,187.1,-,-,-,-,-,"2,551.2",-,-,-
2021,종로구,내자동,"52,259.8",-,-,-,-,-,"35,314.4",-,-,-,-,-,"15,523.0",-,-,-,"1,422.4",-,-,-,-,-,-,-,-,-
2021,종로구,사직동,"284,141.8",-,-,-,-,"79,726.2","86,570.5",-,"4,032.6",521.3,617.5,-,"44,551.4",-,-,-,"1,543.8",-,-,"22,991.7",-,-,-,"43,586.8",-,-
2021,종로구,도렴동,"29,147.7",-,-,-,-,-,"19,348.9",-,-,-,-,-,"6,380.6",-,-,-,"1,246.9",-,-,441.8,-,-,"1,729.5",-,-,-
2021,종로구,당주동,"43,172.3",-,-,-,-,-,"27,634.7",-,-,42.5,-,-,"12,222.2",-,-,-,619.5,-,-,"2,413.0",-,-,240.4,-,-,-
2021,종로구,내수동,"70,392.5",-,-,-,-,-,"50,374.6",-,-,-,-,-,"13,478.3",-,-,-,"1,153.0",-,-,"5,386.6",-,-,-,-,-,-
2021,종로구,세종로,"888,697.3",-,-,-,-,-,"429,522.1",-,-,-,-,-,"129,839.4",-,-,"6,879.4",299,-,-,"6,446.1",-,-,-,"315,711.3",-,-
2021,종로구,신문로1가,"65,615.3",-,-,-,-,-,"32,854.2",-,-,555.7,-,-,"26,525.1",-,-,-,536.9,-,-,"1,097.0",-,-,"3,996.6",-,-,49.8
2021,종로구,신문로2가,"256,580.7",-,-,-,-,-,"219,776.6",-,-,-,-,-,"34,658.3",-,-,-,69.3,-,-,"1,752.5",-,-,-,324,-,-
2021,종로구,청진동,"61,547.9",-,-,-,-,-,"42,156.0",-,-,-,-,-,"16,081.2",-,-,625.8,376.9,-,-,"2,308.0",-,-,-,-,-,-
2021,종로구,서린동,"47,251.3",-,-,-,-,-,"27,398.0",-,-,-,-,-,"15,234.3",-,-,"3,342.1",-,-,-,"1,276.9",-,-,-,-,-,-
2021,종로구,수송동,"98,470.8",-,-,-,-,-,"72,953.2",-,-,-,-,-,"15,130.1",-,-,835.3,279,-,-,"3,703.3",-,-,"5,569.9",-,-,-
2021,종로구,중학동,"30,639.1",-,-,-,-,-,"15,102.5",-,-,-,-,-,"13,903.5",-,-,"1,533.9",99.2,-,-,-,-,-,-,-,-,-
2021,종로구,종로1가,"28,463.2",-,-,-,-,-,"6,103.2",-,-,-,-,-,"21,993.1",-,-,366.9,-,-,-,-,-,-,-,-,-,-
2021,종로구,공평동,"38,723.9",-,-,-,-,-,"28,824.4",-,-,-,-,-,"9,899.5",-,-,-,-,-,-,-,-,-,-,-,-,-
2021,종로구,관훈동,"73,374.0",-,-,-,-,-,"56,815.5",-,-,-,-,-,"15,271.5",-,-,-,"1,287.0",-,-,-,-,-,-,-,-,-
2021,종로구,견지동,"46,356.7",-,-,-,-,-,"28,772.3",-,-,-,-,-,"15,098.7",-,-,-,607.5,-,-,-,-,-,"1,878.2",-,-,-
2021,종로구,와룡동,"707,460.7",-,-,-,-,"5,596.2","34,458.5",-,-,-,217.1,-,"29,375.1",-,-,"1,420.8",620.4,-,-,-,-,-,-,"635,772.6",-,-
2021,종로구,권농동,"34,394.9",-,-,-,-,-,"15,202.7",-,-,-,-,-,"10,951.1",-,-,49.6,290,-,-,"7,901.5",-,-,-,-,-,-
2021,종로구,운니동,"69,916.0",-,-,-,-,-,"56,822.8",-,-,-,-,-,"13,040.3",-,-,-,52.9,-,-,-,-,-,-,-,-,-
2021,종로구,익선동,"46,498.2",-,-,-,-,-,"38,375.7",-,-,-,-,-,"7,491.2",-,-,-,631.3,-,-,-,-,-,-,-,-,-
2021,종로구,경운동,"57,151.9",-,-,-,-,-,"25,648.3",-,"9,136.0",-,543.3,-,"16,987.0",-,-,-,818.5,-,-,-,-,-,"4,018.8",-,-,-
2021,종로구,관철동,"80,572.8",-,-,-,-,-,"46,467.5",-,-,-,-,-,"27,794.0",-,-,"4,734.9",239.6,-,-,"1,336.8",-,-,-,-,-,-
2021,종로구,인사동,"69,726.6",-,-,-,-,-,"44,027.2",-,-,-,-,-,"16,873.7",-,-,-,"1,062.1",-,-,"1,979.8",-,-,"5,783.8",-,-,-
2021,종로구,낙원동,"73,125.3",-,-,-,-,-,"51,929.5",-,-,-,-,-,"18,973.5",-,-,-,"1,556.8",-,-,-,-,-,665.5,-,-,-
2021,종로구,종로2가,"59,331.0",-,-,-,-,-,"16,969.2",-,-,-,-,-,"29,351.9",-,-,-,505.6,-,-,"1,412.0",-,-,-,"11,092.3",-,-
2021,종로구,팔판동,"41,466.5",-,-,-,-,-,"27,064.0",-,-,-,-,-,"11,473.3",-,-,"1,927.3",54.9,-,-,-,-,-,947,-,-,-
2021,종로구,삼청동,"1,186,746.9",-,-,-,-,"953,128.1","187,600.5",-,"3,965.5",331.6,-,-,"30,297.3",-,-,"8,243.4","2,305.2",-,-,-,-,-,819.8,-,-,55.5
2021,종로구,안국동,"68,134.1",-,-,-,-,-,"33,176.9",-,"23,159.9",-,-,-,"9,420.9",15.6,-,-,260.4,-,-,-,-,-,"2,100.4",-,-,-
2021,종로구,소격동,"61,326.9",-,-,-,-,-,"50,730.9",-,-,-,-,-,"7,991.1",-,-,"2,585.1",19.8,-,-,-,-,-,-,-,-,-
2021,종로구,화동,"58,288.9",-,-,-,-,-,"51,560.5",-,-,-,-,-,"6,038.4",-,-,541.3,148.7,-,-,-,-,-,-,-,-,-
2021,종로구,사간동,"28,910.0",-,-,-,-,-,"23,771.8",-,-,-,-,-,"3,210.8",-,-,"1,190.1",-,-,-,-,-,-,737.3,-,-,-
2021,종로구,송현동,"45,484.9",-,-,-,-,-,"37,082.0",-,-,-,-,-,"8,045.9",-,-,-,357,-,-,-,-,-,-,-,-,-
2021,종로구,가회동,"158,099.4",-,-,-,-,"3,378.5","118,133.6",-,"8,224.3",336.1,-,-,"27,888.1",-,-,-,138.8,-,-,-,-,-,-,-,-,-
2021,종로구,재동,"53,276.0",-,-,-,-,-,"37,935.0",-,"2,505.6",-,-,-,"12,548.8",-,-,-,286.6,-,-,-,-,-,-,-,-,-
2021,종로구,계동,"173,819.1",-,-,-,-,"18,814.0","82,714.1",-,"55,357.9",-,-,-,"16,058.4",-,-,-,874.7,-,-,-,-,-,-,-,-,-
2021,종로구,원서동,"156,195.9",-,-,-,-,"45,044.0","64,535.9",-,"7,626.2",51.3,-,-,"15,852.1",-,-,-,"1,965.2",-,-,"2,304.7",-,-,-,"18,816.5",-,-
2021,종로구,훈정동,"206,168.9",-,-,-,-,-,134.9,-,-,-,-,-,"2,880.5",-,-,-,105.8,-,-,"19,051.0",-,-,-,"183,996.7",-,-
2021,종로구,묘동,"30,711.5",-,-,-,-,-,"17,315.1",-,-,-,-,-,"12,632.4",73.1,-,-,690.9,-,-,-,-,-,-,-,-,-
2021,종로구,봉익동,"39,241.1",-,-,-,-,-,"25,391.2",-,-,-,-,-,"8,319.0",-,-,-,695.2,-,-,"4,835.7",-,-,-,-,-,-
2021,종로구,돈의동,"32,535.8",-,-,-,-,-,"24,848.0",-,-,274.5,-,-,"6,520.7",-,-,-,892.6,-,-,-,-,-,-,-,-,-
2021,종로구,장사동,"57,515.3",-,-,-,-,-,"36,339.1",-,-,-,-,-,"13,754.3",-,-,"5,121.6",233.5,-,-,"2,066.8",-,-,-,-,-,-
2021,종로구,관수동,"60,459.6",-,-,-,-,-,"42,640.7",-,-,-,-,-,"13,114.7",-,-,"4,205.0",499.2,-,-,-,-,-,-,-,-,-
2021,종로구,종로3가,"44,654.3",-,-,-,-,-,"14,098.6",-,-,-,-,-,"17,975.6",-,-,-,"9,312.5",-,-,"3,267.6",-,-,-,-,-,-
2021,종로구,인의동,"82,690.1",-,-,-,-,-,"56,022.9",-,-,-,-,-,"19,034.8",-,-,-,"1,173.9",-,-,"6,458.5",-,-,-,-,-,-
2021,종로구,예지동,"68,625.7",-,-,-,-,-,"42,457.2",-,-,-,-,-,"20,134.5",-,-,"5,530.3",342.5,-,-,161.2,-,-,-,-,-,-
2021,종로구,원남동,"74,095.3",-,-,-,-,-,"46,079.8",-,942.1,-,-,-,"25,905.3",-,-,-,237.8,-,-,-,-,-,930.3,-,-,-
2021,종로구,연지동,"111,716.0",-,-,-,-,-,"89,217.0",-,-,86,-,-,"18,764.1",-,-,-,347.1,-,-,"3,301.8",-,-,-,-,-,-
2021,종로구,종로4가,"43,120.8",-,-,-,-,-,"16,018.2",-,-,-,-,-,"24,070.8",-,-,-,640.9,-,-,"2,390.9",-,-,-,-,-,-
2021,종로구,효제동,"100,304.3",-,-,-,-,-,"59,301.9",-,"16,712.0",-,-,-,"21,973.8",-,-,"2,280.5",36.1,-,-,-,-,-,-,-,-,-
2021,종로구,종로5가,"111,536.0",-,-,-,-,-,"58,039.3",-,-,55.5,-,-,"42,036.8",-,-,"9,727.4","1,677.0",-,-,-,-,-,-,-,-,-
2021,종로구,종로6가,"151,927.6",-,-,-,-,-,"74,489.0",-,-,327.3,-,-,"46,301.1",443.8,"1,411.6","6,993.7","2,012.2",-,-,"12,961.9",-,-,"3,644.2","3,342.8",-,-
2021,종로구,이화동,"122,431.7",-,-,-,-,-,"71,616.4",-,"12,810.2","2,046.8",-,-,"24,253.0",-,-,"1,937.2","1,060.0",-,-,"8,708.1",-,-,-,-,-,-
2021,종로구,연건동,"295,241.4",-,-,-,-,-,"152,624.6",-,"94,993.9",307.4,-,-,"43,125.8",-,-,"4,083.9",105.8,-,-,-,-,-,-,-,-,-
2021,종로구,충신동,"128,023.3",-,-,-,-,211.3,"89,335.4",-,-,-,-,-,"34,296.5",-,-,"1,121.3","1,346.7",-,-,"1,467.5",-,-,244.6,-,-,-
2021,종로구,동숭동,"365,307.9",-,-,-,-,"58,649.9","178,712.5",-,"56,092.3","1,194.8",-,-,"52,418.4",-,-,"1,890.9","6,179.8",-,-,"7,573.2",-,-,"2,596.1",-,-,-
2021,종로구,혜화동,"324,350.3",-,-,-,-,"13,140.8","144,721.9",-,"97,743.0",80,627.7,-,"57,945.7",-,-,-,"3,248.4",-,24.3,-,-,-,"6,818.5",-,-,-
2021,종로구,명륜1가,"193,340.1",-,-,-,-,"10,248.4","117,439.0",-,"24,763.1","2,012.1",-,-,"28,565.4",-,-,-,"2,153.2",-,60.9,"5,615.3",-,-,"2,482.7",-,-,-
2021,종로구,명륜2가,"108,495.9",-,-,-,-,-,"81,974.7",-,-,113.1,-,-,"23,693.5",-,-,-,"2,122.1",-,-,-,-,-,592.5,-,-,-
2021,종로구,명륜4가,"74,744.9",-,-,-,-,-,"50,711.8",-,"4,007.9",125.6,-,-,"16,046.1",-,-,"1,305.8",925.3,-,-,-,-,-,"1,622.4",-,-,-
2021,종로구,명륜3가,"414,470.5",-,-,-,-,"100,934.6","170,790.8",-,"111,283.3",651.7,-,-,"26,403.3",-,-,-,"3,698.0",-,-,-,-,-,515.8,193,-,-
2021,종로구,창신동,"779,623.3",-,-,-,-,"26,052.0","537,445.8",-,"25,696.8","2,775.6",-,-,"122,275.6",251.6,"7,075.8","21,844.6","9,049.0",-,-,"16,454.6",-,-,"8,587.3",353.7,-,"1,760.9"
2021,종로구,숭인동,"595,558.1",112.5,-,-,-,"11,038.9","370,182.4",-,"13,750.0","1,933.1",-,-,"129,419.4",-,"2,459.5","11,550.7","7,346.4",-,-,"33,612.0",-,-,"3,868.5","9,332.3",-,952.4
2021,종로구,교남동,"22,303.9",-,-,-,-,-,"12,722.5",-,-,-,-,-,"8,790.1",-,-,224.3,-,-,-,448.4,-,-,-,-,-,118.6
2021,종로구,평동,"80,527.3",-,-,-,-,-,"60,750.8",-,-,-,-,-,"18,373.4",-,-,324.8,25.1,-,-,"1,053.2",-,-,-,-,-,-
2021,종로구,송월동,"44,554.5",-,-,-,-,-,"25,222.7",-,-,-,-,-,"8,208.5",-,-,14.4,-,-,-,"8,836.3",-,-,"2,224.0",48.6,-,-
2021,종로구,홍파동,"41,740.9",-,-,-,-,-,"34,156.8",-,-,-,-,-,"3,643.6",-,-,-,-,-,-,"3,239.2",-,-,701.3,-,-,-
2021,종로구,교북동,"29,996.3",-,-,-,-,-,"14,397.2",-,-,-,-,-,"15,455.7",-,-,-,143.4,-,-,-,-,-,-,-,-,-
2021,종로구,행촌동,"129,410.6",-,-,-,-,360.1,"69,051.0",-,"13,916.0",575.3,-,-,"37,079.9",-,-,-,526.2,-,-,"6,937.0",-,-,965.1,-,-,-
2021,종로구,구기동,"3,710,703.7","298,622.0",-,-,-,"2,842,481.0","381,495.6",-,"13,522.0",-,-,-,"65,223.1",-,-,"39,504.0","19,495.0",-,-,"1,224.0",-,-,"19,108.0",-,"1,038.0","28,991.0"
2021,종로구,평창동,"5,154,552.4","123,679.0",-,-,-,"3,408,033.2","1,197,676.1",-,"25,146.0",-,"1,867.0",-,"231,143.3",-,-,"79,788.2","23,419.0",-,-,"29,573.6",-,-,"13,684.0",-,"9,963.0","10,580.0"
2021,종로구,부암동,"1,547,704.0","304,451.0",-,-,-,"629,891.0","436,743.0",-,-,237,"1,561.0",-,"96,189.0",-,-,-,"23,123.0",-,-,283,-,-,"1,782.0",-,-,"53,444.0"
2021,종로구,홍지동,"356,755.0","39,289.0",-,-,-,"38,122.0","130,497.0",-,"93,499.0",-,541,-,"30,433.0",-,-,"10,243.0","4,676.0",-,-,-,-,-,"3,391.0",-,-,"6,064.0"
2021,종로구,신영동,"361,252.1","34,141.0",-,-,-,"78,602.0","171,299.7",-,"7,574.0",-,-,-,"40,444.4",-,-,"25,974.0",93,-,-,-,-,-,985,40,-,"2,099.0"
2021,종로구,무악동,"362,555.9",-,-,-,-,"165,658.5","150,321.3",-,"4,963.5",220.4,-,-,"36,467.5",-,-,-,"1,131.8",-,-,"3,792.9",-,-,-,-,-,-
2021,중구,소계,"9,960,262.0",-,-,-,-,"1,285,766.0","5,298,923.2","4,359.6","394,066.8","27,141.6","7,647.4",-,"2,137,400.5","122,766.1",-,"29,443.2","14,669.9",-,"28,260.6","455,080.1","25,315.0",-,"112,358.1","10,897.9",-,"6,166.0"
2021,중구,무교동,"32,184.5",-,-,-,-,-,"19,140.0",-,-,-,-,-,"12,474.3",-,-,-,-,-,-,570.2,-,-,-,-,-,-
2021,중구,다동,"58,770.1",-,-,-,-,-,"36,022.4",-,-,-,-,-,"19,614.5",-,-,-,-,-,-,"3,070.4",-,-,-,-,-,62.8
2021,중구,태평로1가,"74,327.5",-,-,-,-,-,"44,891.8",-,-,-,-,-,"28,596.2",-,-,-,-,-,-,-,-,-,-,-,-,839.5
2021,중구,을지로1가,"62,451.4",-,-,-,-,-,"37,906.1",-,-,-,-,-,"24,545.3",-,-,-,-,-,-,-,-,-,-,-,-,-
2021,중구,을지로2가,"112,470.5",-,-,-,-,-,"71,881.0",-,-,-,-,-,"39,681.3",-,-,-,-,-,-,908.2,-,-,-,-,-,-
2021,중구,남대문로1가,"19,106.2",-,-,-,-,-,"4,405.6",-,-,-,-,-,"14,700.6",-,-,-,-,-,-,-,-,-,-,-,-,-
2021,중구,삼각동,"27,259.9",-,-,-,-,-,"11,661.8",-,-,833.1,-,-,"12,544.0",-,-,-,-,-,-,"2,221.0",-,-,-,-,-,-
2021,중구,수하동,"18,360.8",-,-,-,-,-,"14,705.8",-,-,-,-,-,"3,340.2",-,-,-,-,-,-,314.8,-,-,-,-,-,-
2021,중구,장교동,"33,982.7",-,-,-,-,-,"18,567.7",-,-,-,-,-,"15,244.0",-,-,-,-,-,-,171,-,-,-,-,-,-
2021,중구,수표동,"35,130.3",-,-,-,-,-,"23,062.1",-,-,-,-,-,"11,620.1",-,-,-,-,-,-,448.1,-,-,-,-,-,-
2021,중구,소공동,"82,318.9",-,-,-,-,-,"58,910.1",-,-,"1,099.0",-,-,"18,772.6",-,-,-,-,-,-,-,-,-,-,"3,537.2",-,-
2021,중구,남창동,"138,532.1",-,-,-,-,-,"76,474.9",-,-,370.3,-,-,"45,638.3",13.2,-,-,-,-,-,"11,387.5",-,-,"4,647.9",-,-,-
2021,중구,북창동,"44,298.4",-,-,-,-,-,"35,924.4",-,-,-,-,-,"8,374.0",-,-,-,-,-,-,-,-,-,-,-,-,-
2021,중구,태평로2가,"82,257.1",-,-,-,-,-,"39,445.6",-,-,-,-,-,"42,811.5",-,-,-,-,-,-,-,-,-,-,-,-,-
2021,중구,남대문로2가,"26,561.4",-,-,-,-,-,"5,987.5",-,-,-,-,-,"20,562.1",-,-,-,11.8,-,-,-,-,-,-,-,-,-
2021,중구,남대문로3가,"33,664.1",-,-,-,-,-,"20,240.5",-,-,-,-,-,"13,423.6",-,-,-,-,-,-,-,-,-,-,-,-,-
2021,중구,남대문로4가,"54,834.8",-,-,-,-,-,"29,686.1",-,-,-,-,-,"22,715.6",-,-,-,-,-,-,-,-,-,-,"2,433.1",-,-
2021,중구,남대문로5가,"229,109.7",-,-,-,-,-,"120,896.8",-,-,-,953.1,-,"74,285.6",-,-,-,-,-,-,"32,974.2",-,-,-,-,-,-
2021,중구,봉래동1가,"41,450.1",-,-,-,-,-,"20,180.2",-,-,-,-,-,"20,331.1",938.8,-,-,-,-,-,-,-,-,-,-,-,-
2021,중구,봉래동2가,"129,444.9",-,-,-,-,-,"2,492.5",-,-,-,-,-,"21,154.0","102,833.8",-,-,-,-,-,-,-,-,-,"2,964.6",-,-
2021,중구,회현동1가,"300,856.0",-,-,-,-,"112,087.5","124,217.8",-,-,132.2,-,-,"43,451.8",371.1,-,-,-,-,-,"20,595.6",-,-,-,-,-,-
2021,중구,회현동2가,"70,675.8",-,-,-,-,-,"37,892.3",-,-,753.2,-,-,"31,611.2",-,-,-,-,-,-,-,-,-,-,-,-,419.1
2021,중구,회현동3가,"12,535.9",-,-,-,-,-,"8,954.8",-,-,-,-,-,"3,581.1",-,-,-,-,-,-,-,-,-,-,-,-,-
2021,중구,충무로1가,"59,416.1",-,-,-,-,-,"37,032.0",-,-,-,-,-,"22,384.1",-,-,-,-,-,-,-,-,-,-,-,-,-
2021,중구,충무로2가,"69,365.2",-,-,-,-,-,"42,991.2",-,-,-,-,-,"26,374.0",-,-,-,-,-,-,-,-,-,-,-,-,-
2021,중구,명동1가,"36,922.1",-,-,-,-,-,"29,554.9",-,-,-,-,-,"7,367.2",-,-,-,-,-,-,-,-,-,-,-,-,-
2021,중구,명동2가,"118,030.2",-,-,-,-,-,"59,975.2",-,-,-,-,-,"15,367.0",-,-,-,-,-,-,-,-,-,"42,688.0",-,-,-
2021,중구,남산동1가,"23,091.8",-,-,-,-,-,"18,723.8",-,-,41.3,-,-,"4,326.7",-,-,-,-,-,-,-,-,-,-,-,-,-
2021,중구,남산동2가,"72,800.7",-,-,-,-,458.5,"53,246.0",-,"8,614.0",112.4,-,-,"10,369.8",-,-,-,-,-,-,-,-,-,-,-,-,-
2021,중구,남산동3가,"29,185.7",-,-,-,-,-,"18,011.2",-,-,-,-,-,"9,371.6",-,-,-,-,-,-,-,-,-,"1,669.1",-,-,133.8
2021,중구,저동1가,"35,683.9",-,-,-,-,-,"17,979.3",-,-,-,-,-,"16,248.6",-,-,-,-,-,-,"1,456.0",-,-,-,-,-,-
2021,중구,충무로4가,"58,568.8",-,-,-,-,-,"38,982.4",-,-,-,-,-,"19,372.6",213.8,-,-,-,-,-,-,-,-,-,-,-,-
2021,중구,충무로5가,"54,147.0",-,-,-,-,-,"32,093.8",-,-,-,-,-,"18,145.8",-,-,-,-,-,-,"3,907.4",-,-,-,-,-,-
2021,중구,인현동2가,"70,408.3",-,-,-,-,-,"35,719.2",-,"12,722.4",-,-,-,"19,738.3",-,-,-,-,-,-,"2,228.4",-,-,-,-,-,-
2021,중구,예관동,"38,737.2",-,-,-,-,-,"24,808.5",-,-,-,-,-,"13,925.1",-,-,-,3.6,-,-,-,-,-,-,-,-,-
2021,중구,묵정동,"61,877.0",-,-,-,-,-,"46,119.4",-,-,280.7,-,-,"14,325.4",-,-,-,21.3,-,-,-,-,-,982.8,-,-,147.4
2021,중구,필동1가,"36,069.6",-,-,-,-,-,"25,263.6",-,-,-,-,-,"10,806.0",-,-,-,-,-,-,-,-,-,-,-,-,-
2021,중구,필동2가,"185,371.1",-,-,-,-,-,"157,237.6",-,-,"1,072.0",504.5,-,"26,068.1",-,-,-,24.2,-,-,-,-,-,414.5,-,-,50.2
2021,중구,필동3가,"94,203.8",-,-,-,-,-,"68,948.4",-,"4,241.3",236.5,-,-,"20,777.6",-,-,-,-,-,-,-,-,-,-,-,-,-
2021,중구,남학동,"10,812.7",-,-,-,-,-,"6,387.8",-,-,295.6,-,-,"4,129.3",-,-,-,-,-,-,-,-,-,-,-,-,-
2021,중구,주자동,"22,972.8",-,-,-,-,-,"4,314.1",-,-,-,-,-,"18,658.7",-,-,-,-,-,-,-,-,-,-,-,-,-
2021,중구,예장동,"679,139.2",-,-,-,-,"535,495.8","117,461.2",-,-,-,-,-,"23,086.1",-,-,-,48.1,-,-,-,-,-,"1,652.9",-,-,"1,395.1"
2021,중구,장충동1가,"148,854.0",-,-,-,-,-,"113,723.2",-,-,-,890.3,-,"32,574.0",-,-,-,-,-,-,-,-,-,"1,666.5",-,-,-
2021,중구,장충동2가,"1,182,652.5",-,-,-,-,"595,892.2","230,550.2",-,"119,466.0","3,379.5",-,-,"66,304.9",-,-,-,"5,543.0",-,-,"146,730.8","10,100.7",-,"3,449.2",234.1,-,"1,001.9"
2021,중구,광희동1가,"54,267.7",-,-,-,-,-,"36,735.1",-,-,-,-,-,"15,640.0",-,-,-,-,-,-,"1,892.6",-,-,-,-,-,-
2021,중구,광희동2가,"56,452.2",-,-,-,-,-,"32,807.8",-,-,-,-,-,"21,759.8",211.7,-,-,7.6,-,-,972.4,-,-,-,692.9,-,-
2021,중구,쌍림동,"79,494.8",-,-,-,-,-,"47,079.6",-,-,-,-,-,"31,844.8",-,-,-,-,-,-,476.8,-,-,93.6,-,-,-
2021,중구,을지로6가,"185,278.2",-,-,-,-,-,"119,533.6",-,-,-,-,-,"58,571.6",-,-,"2,603.9",894.6,-,-,"3,664.6",-,-,-,-,-,9.9
2021,중구,을지로7가,"91,838.9",-,-,-,-,-,"61,516.5",-,-,-,-,-,"18,738.5","1,561.4",-,-,-,-,-,-,"8,804.3",-,-,-,-,"1,218.2"
2021,중구,을지로4가,"70,438.9",-,-,-,-,-,"37,840.3",-,26.6,-,-,-,"32,559.4",-,-,-,12.6,-,-,-,-,-,-,-,-,-
2021,중구,을지로5가,"78,275.1",-,-,-,-,-,"41,204.2",-,-,-,-,-,"26,043.1",-,-,-,20.8,-,-,"11,007.0",-,-,-,-,-,-
2021,중구,주교동,"73,209.9",-,-,-,-,-,"49,979.5",-,-,-,-,-,"23,230.4",-,-,-,-,-,-,-,-,-,-,-,-,-
2021,중구,방산동,"59,102.5",-,-,-,-,-,"39,587.7",-,-,-,-,-,"18,557.1",-,-,399.7,-,-,-,471.7,-,-,-,86.3,-,-
2021,중구,오장동,"67,304.6",-,-,-,-,-,"44,622.9",-,-,-,-,-,"22,620.5",-,-,-,61.2,-,-,-,-,-,-,-,-,-
2021,중구,을지로3가,"83,455.4",-,-,-,-,-,"55,102.7",-,-,-,-,-,"28,253.9",98.8,-,-,-,-,-,-,-,-,-,-,-,-
2021,중구,입정동,"39,553.1",-,-,-,-,-,"26,571.3",-,-,-,-,-,"12,869.2",48.1,-,-,64.5,-,-,-,-,-,-,-,-,-
2021,중구,산림동,"45,046.2",-,-,-,-,-,"31,522.1",-,-,-,-,-,"13,524.1",-,-,-,-,-,-,-,-,-,-,-,-,-
2021,중구,충무로3가,"46,992.6",-,-,-,-,-,"32,566.7",-,-,-,-,-,"14,425.9",-,-,-,-,-,-,-,-,-,-,-,-,-
2021,중구,초동,"52,350.4",-,-,-,-,-,"30,499.4","1,960.6",-,"2,416.4","1,935.1",-,"14,340.3",-,-,-,9.5,-,-,-,-,-,"1,189.1",-,-,-
2021,중구,인현동1가,"44,587.9",-,-,-,-,-,"33,413.7",-,-,-,-,-,"11,174.2",-,-,-,-,-,-,-,-,-,-,-,-,-
2021,중구,저동2가,"54,617.4",-,-,-,-,-,"34,801.6",-,-,-,-,-,"10,192.2",-,-,-,-,-,-,389.2,-,-,"9,234.4",-,-,-
2021,중구,신당동,"2,386,855.6",-,-,-,-,"41,832.0","1,585,917.1","2,399.0","113,041.2","12,102.0","3,099.6",-,"443,519.1",-,-,"13,350.0","6,501.0",-,"26,428.0","125,971.6","6,410.0",-,"5,671.3",219,-,394.7
2021,중구,흥인동,"124,655.3",-,-,-,-,-,"57,584.4",-,"26,148.8",-,-,-,"39,949.3",-,-,-,315.3,-,-,657.5,-,-,-,-,-,-
2021,중구,무학동,"27,308.9",-,-,-,-,-,"13,800.6",-,-,-,264.8,-,"13,243.5",-,-,-,-,-,-,-,-,-,-,-,-,-
2021,중구,황학동,"326,761.3",-,-,-,-,-,"224,980.4",-,-,-,-,-,"86,581.7",-,-,"13,055.0",-,-,-,"1,472.2",-,-,672,-,-,-
2021,중구,서소문동,"115,395.2",-,-,-,-,-,"85,948.1",-,-,615,-,-,"28,241.9",-,-,-,-,-,-,114.4,-,-,-,265.5,-,210.3
2021,중구,정동,"302,776.8",-,-,-,-,-,"193,790.5",-,"44,840.8",-,-,-,"34,909.2",-,-,-,-,-,-,"11,514.4",-,-,"17,640.1",81.8,-,-
2021,중구,순화동,"142,619.9",-,-,-,-,-,"62,700.9",-,"37,142.1",-,-,-,"33,717.3","3,893.9",-,-,376.9,-,-,"4,788.8",-,-,-,-,-,-
2021,중구,의주로1가,"26,705.9",-,-,-,-,-,"11,135.8",-,-,-,-,-,"13,735.8",81,-,-,753.9,-,-,999.4,-,-,-,-,-,-
2021,중구,충정로1가,"33,567.1",-,-,-,-,-,"20,645.9",-,"2,765.1",-,-,-,"10,156.1",-,-,-,-,-,-,-,-,-,-,-,-,-
2021,중구,중림동,"228,728.3",-,-,-,-,-,"138,412.5",-,-,"3,259.6",-,-,"58,729.5",33.4,-,34.6,-,-,-,"9,428.4",-,-,"18,830.3",-,-,-
2021,중구,의주로2가,"39,718.5",-,-,-,-,-,"1,136.5",-,-,-,-,-,"11,027.3","12,355.4",-,-,-,-,-,"15,199.3",-,-,-,-,-,-
2021,중구,만리동1가,"70,095.6",-,-,-,-,-,"28,979.0",-,"1,633.1",142.8,-,-,"26,390.2",111.7,-,-,-,-,-,"12,559.0",-,-,-,-,-,279.8
2021,중구,만리동2가,"143,915.0",-,-,-,-,-,"75,836.0",-,"23,425.4",-,-,-,"14,060.7",-,-,-,-,-,"1,832.6","26,517.2",-,-,"1,856.4",383.4,-,3.3
2021,용산구,소계,"21,866,145.2","36,275.5",-,-,-,"1,602,504.0","10,092,398.0",-,"527,644.5","18,683.2","8,602.8","1,974.9","2,522,496.6","1,206,023.2","155,421.6","4,760,487.8","87,291.0","44,896.3",401.8,"121,310.2",484.6,-,"87,602.5","1,548.0","43,594.0","546,504.7"
2021,용산구,후암동,"865,094.6",98.5,-,-,-,"210,021.7","471,540.2",-,"43,012.8",225.7,417.3,-,"121,320.0",-,-,-,"8,909.8",-,-,"1,253.4",-,-,"8,215.3",78.3,-,1.6
2021,용산구,용산동2가,"1,169,012.2",-,-,-,-,"261,770.2","715,398.3",-,"52,224.5","2,490.9",-,-,"125,935.7",-,-,-,"4,855.8",-,-,"1,369.3",-,-,"4,967.5",-,-,-
2021,용산구,용산동4가,"789,295.2",-,-,-,-,-,"722,508.8",-,-,-,-,-,"35,566.4",-,-,-,-,-,-,-,-,-,-,-,-,"31,220.0"
2021,용산구,갈월동,"224,305.2",-,-,-,-,-,"122,451.5",-,-,921.2,"1,008.5",-,"59,223.2","39,179.2",-,125.4,334.8,-,-,-,-,-,"1,061.4",-,-,-
2021,용산구,남영동,"65,020.1",-,-,-,-,-,"44,824.7",-,-,-,-,-,"20,195.4",-,-,-,-,-,-,-,-,-,-,-,-,-
2021,용산구,용산동1가,"608,720.8",-,-,-,-,-,"567,048.5",-,-,-,-,-,"30,901.7",-,-,-,"10,770.6",-,-,-,-,-,-,-,-,-
2021,용산구,동자동,"289,052.9",-,-,-,-,33.3,"98,536.8",-,-,-,-,-,"59,964.3","125,037.4",-,-,-,-,-,"2,372.5",-,-,"3,108.6",-,-,-
2021,용산구,서계동,"250,757.2",71.7,-,-,-,-,"151,051.3",-,"12,146.1",325.5,749.4,-,"56,145.7","16,150.7",-,"5,411.1","4,484.6",-,-,"4,221.1",-,-,-,-,-,-
2021,용산구,청파동1가,"197,416.9",-,-,-,-,-,"154,473.7",-,-,397.7,610.1,-,"33,792.4","1,077.4",-,"2,636.6",566.2,-,-,-,-,-,"3,836.4",-,-,26.4
2021,용산구,청파동2가,"223,669.2",-,-,-,-,"28,915.6","78,219.1",-,"66,877.5",-,-,284.3,"32,454.6","2,551.2",-,"3,775.4",182.2,-,-,-,-,-,"10,315.6",-,-,93.7
2021,용산구,청파동3가,"231,758.7",68.3,-,-,-,"1,895.3","105,179.8",-,"79,134.4",-,-,203,"33,725.4",594.4,-,"3,058.8",-,-,-,"6,129.0",-,-,"1,770.3",-,-,-
2021,용산구,원효로1가,"205,321.2",-,-,-,-,-,"147,117.5",-,-,-,-,-,"54,505.8",55.5,-,329.9,-,-,-,417.7,-,-,"2,894.8",-,-,-
2021,용산구,원효로2가,"131,557.0",-,-,-,-,-,"77,711.6",-,"9,235.0",83,-,-,"40,679.9","3,687.8",-,-,159.7,-,-,-,-,-,-,-,-,-
2021,용산구,신창동,"62,663.3",72.4,-,-,-,-,"45,984.0",-,120,"1,178.6",-,-,"14,982.7",-,-,-,41.6,-,-,257.6,-,-,-,-,-,26.4
2021,용산구,산천동,"97,437.6",-,-,-,-,"7,715.4","63,727.1",-,"6,969.6",-,-,-,"14,122.8",-,-,-,-,-,93,-,-,-,"4,670.1",139.6,-,-
2021,용산구,청암동,"71,490.7",-,-,-,-,-,"30,499.7",-,-,-,"1,280.3",-,"14,773.5",-,-,"24,135.5",-,-,-,406.1,-,-,395.6,-,-,-
2021,용산구,원효로3가,"162,406.6",24.5,-,-,-,-,"120,152.7",-,"1,412.9",-,-,-,"31,895.8",-,102.5,340.1,"1,853.8","5,044.8",-,"1,560.3",-,-,-,-,-,19.2
2021,용산구,원효로4가,"311,434.2",-,-,-,-,"1,292.4","115,394.3",-,"21,429.4",-,-,100.5,"45,714.1",-,"17,347.5","107,461.0",848.8,360.9,-,-,-,-,-,-,-,"1,485.3"
2021,용산구,효창동,"442,574.1",5.9,-,-,-,"128,177.7","202,336.7",-,"13,373.8",-,-,-,"82,771.0","2,302.8",-,-,"2,131.4",-,-,"10,012.4",484.6,-,977.8,-,-,-
2021,용산구,도원동,"88,486.1",-,-,-,-,-,"66,369.6",-,-,-,-,-,"10,828.9","7,804.7",-,-,-,-,308.8,"1,526.6",-,-,"1,647.5",-,-,-
2021,용산구,용문동,"191,714.0",-,-,-,-,-,"131,144.2",-,-,129.6,-,-,"43,478.0","14,773.4",-,-,"1,037.1",-,-,837.7,-,-,-,314,-,-
2021,용산구,문배동,"113,311.0",-,-,-,-,-,"62,410.8",-,-,-,-,-,"33,669.9","3,130.1","4,675.2",872.7,"3,486.5",-,-,"3,813.9",-,-,"1,251.9",-,-,-
2021,용산구,신계동,"143,769.4",418.2,-,-,-,-,"75,719.3",-,"6,248.0","1,271.2",-,213.3,"15,669.1","19,469.3",740.7,"3,791.3",892.2,728.9,-,"17,351.3",-,-,"1,157.8",-,-,98.8
2021,용산구,한강로1가,"237,790.5",-,-,-,-,-,"134,977.7",-,-,-,-,-,"69,032.2","21,334.7",193.4,-,"7,234.3","1,103.9",-,"2,089.8",-,-,"1,824.5",-,-,-
2021,용산구,한강로2가,"448,216.2",-,-,-,-,-,"198,498.8",-,"14,186.0","3,323.7",-,376.8,"87,899.3","108,347.3","3,451.2","12,651.0","1,012.9","7,905.8",-,"6,860.9",-,-,"3,702.5",-,-,-
2021,용산구,용산동3가,"335,784.7",-,-,-,-,-,"304,503.1",-,-,-,-,-,"31,281.6",-,-,-,-,-,-,-,-,-,-,-,-,-
2021,용산구,용산동5가,"692,354.7",-,-,-,-,-,"618,000.2",-,"1,135.9",-,-,-,"46,637.3","10,032.6",-,-,-,-,-,"16,548.7",-,-,-,-,-,-
2021,용산구,한강로3가,"1,188,451.6",-,-,-,-,-,"346,362.0",-,"21,245.6",-,"2,167.2",-,"117,059.6","634,692.7","3,680.7","25,904.9","2,158.7","27,511.0",-,"4,805.5",-,-,"1,201.3",-,-,"1,662.4"
2021,용산구,이촌동,"4,076,329.8",-,-,-,-,-,"644,460.7",-,"45,504.3",-,-,-,"244,270.4","18,599.1","94,775.4","3,000,217.1","2,279.7",-,-,"14,296.9",-,-,"8,559.8",-,-,"3,366.4"
2021,용산구,이태원동,"1,429,812.1","6,367.0",-,-,-,"301,455.4","814,286.6",-,"21,493.3",942,-,-,"209,948.4",-,-,-,"4,134.5",-,-,"7,428.9",-,-,"7,827.0",-,"2,546.0","53,383.0"
2021,용산구,한남동,"3,009,931.7","25,921.0",-,-,-,"658,373.0","1,352,884.3",-,"18,003.0","5,603.1","2,370.0",797,"412,694.2","63,131.0",-,"359,347.0","12,082.2","1,243.0",-,"16,798.6",-,-,"13,026.8",-,"41,048.0","26,609.5"
2021,용산구,동빙고동,"404,771.1",777,-,-,-,-,"282,457.1",-,79,801,-,-,"50,083.0","8,496.0",-,"53,690.0",-,394,-,-,-,-,641,129,-,"7,224.0"
2021,용산구,서빙고동,"792,049.2",-,-,-,-,-,"198,439.3",-,"41,234.0",-,-,-,"85,551.8","48,455.0","23,288.0","339,605.0","6,363.0",-,-,-,-,-,"1,220.0",272.1,-,"47,621.0"
2021,용산구,주성동,"171,439.0",430,-,-,-,327,"30,037.0",-,288,-,-,-,"14,446.0","7,616.0",-,"117,607.0",687,-,-,-,-,-,-,-,-,1
2021,용산구,용산동6가,"1,431,581.9",-,-,-,-,-,"420,740.3",-,639.4,-,-,-,"53,723.3","36,792.9","7,167.0","537,945.0","1,193.0",-,-,-,-,-,"1,048.0",-,-,"372,333.0"
2021,용산구,보광동,"711,364.5","2,021.0",-,-,-,"2,527.0","376,950.7",-,"51,652.0",990,-,-,"87,553.2","12,712.0",-,"161,583.0","9,590.6",604,-,952,-,-,"2,281.0",615,-,"1,333.0"
2021,성동구,소계,"16,859,898.9","170,887.3","18,081.0",-,-,"260,867.2","6,240,097.9","486,015.2","954,165.8","10,337.9","3,671.3","9,330.6","2,275,432.8","290,851.7","357,497.3","3,775,430.0","81,478.8","99,218.2","260,069.0","544,703.6","22,067.5","176,248.0","74,336.2",-,"12,165.0","736,946.6"
2021,성동구,상왕십리동,"151,593.9",-,-,-,-,-,"100,339.1",-,-,-,-,-,"23,531.0",-,-,"14,754.0",-,-,-,"6,340.8",-,-,"6,629.0",-,-,-
2021,성동구,하왕십리동,"622,241.6",13,-,-,-,"1,931.0","441,978.8",-,"33,147.0",553,-,-,"93,566.6",37,-,"11,631.6","1,005.0",-,-,"32,020.6",-,-,"6,358.0",-,-,-
2021,성동구,홍익동,"174,198.4",-,-,-,-,-,"115,594.4",-,-,180.6,-,-,"48,361.9",-,-,"7,254.4",513.1,-,-,951.7,-,-,762.3,-,-,580
2021,성동구,도선동,"137,031.7",-,-,-,-,-,"95,737.4",-,-,-,470.6,-,"36,587.1",-,-,-,-,-,-,"1,315.0",-,-,"2,921.6",-,-,-
2021,성동구,마장동,"1,070,048.3","1,779.0",-,-,-,"34,032.0","588,197.5",-,"56,335.1",-,794.5,902.7,"200,803.1","23,838.8","39,824.8","111,749.0",287.1,-,-,"6,538.6","1,719.0",-,468.1,-,-,"2,779.0"
2021,성동구,사근동,"669,510.5","2,462.0",317,-,-,"1,396.0","117,472.1",-,"345,974.0","2,518.0",-,-,"50,487.0",-,"14,668.0","130,587.0",74.4,"3,059.0",-,496,-,-,-,-,-,-
2021,성동구,행당동,"1,490,270.1","9,198.0","2,763.0",-,-,"15,846.0","774,065.8",-,"235,210.0",549.8,-,-,"237,134.4","91,384.2","2,300.0","35,267.0","10,514.0","3,069.0","7,683.0","51,946.2","1,325.0",-,"10,073.0",-,-,"1,941.7"
2021,성동구,응봉동,"557,564.7","10,685.0",-,-,-,"3,244.0","227,722.9",-,"28,432.0",-,-,-,"64,843.0","44,737.0",-,"138,523.0","3,582.0","2,939.0",437,"28,882.2",-,-,"1,507.6",-,-,"2,030.0"
2021,성동구,금호동1가,"445,038.1",-,-,-,-,"10,078.0","245,371.6",-,"17,474.7",-,-,-,"53,743.9",-,-,-,"1,846.5",-,"63,102.0","51,454.0",-,-,"1,967.4",-,-,-
2021,성동구,금호동2가,"305,306.3",-,43,-,-,76,"172,206.9",-,"15,426.9",-,-,-,"50,797.1",-,-,-,-,-,-,"51,533.3",-,-,"3,058.1",-,"12,165.0",-
2021,성동구,금호동3가,"327,902.0",-,-,-,-,"22,156.0","212,525.6",-,-,-,-,-,"66,108.9",-,-,-,-,-,-,"24,727.7",-,-,"2,344.4",-,-,39.4
2021,성동구,금호동4가,"802,321.7",261,-,-,-,"76,315.6","259,783.9",-,"27,863.0",-,-,-,"84,999.5","38,422.0",-,"264,641.0",569.6,"8,588.0",-,"27,255.4",-,-,"3,322.7",-,-,"10,300.0"
2021,성동구,옥수동,"1,961,540.2","4,227.0",-,-,-,"43,082.6","508,931.3",-,"48,555.0",-,295,-,"107,519.4","22,034.0",-,"1,072,808.0","4,864.0","2,822.0",-,"124,620.2",-,-,"21,508.7",-,-,273
2021,성동구,성수동1가,"2,878,983.4","96,612.3",-,-,-,-,"774,926.0","73,405.1","78,069.0","2,550.0","1,423.0",-,"386,299.9","2,849.0","48,907.0","824,799.0","3,600.3","61,654.0","188,847.0","112,588.8","6,809.0","176,248.0","2,917.0",-,-,"36,479.0"
2021,성동구,성수동2가,"2,228,462.4","9,957.0",-,-,-,883,"883,103.1","392,308.1","56,255.9","2,189.0",-,"8,427.9","373,441.5","4,710.3","53,574.0","386,819.0","16,572.1",-,-,"13,858.9",-,-,"7,381.1",-,-,"18,981.5"
2021,성동구,송정동,"1,443,952.4","25,134.0","7,133.0",-,-,"37,253.0","289,264.8",-,"6,563.0","1,025.0",-,-,"184,809.2","39,606.0","74,358.9","433,318.0","13,668.5","4,853.2",-,878.8,-,-,806,-,-,"325,281.0"
2021,성동구,용답동,"1,593,933.2","10,559.0","7,825.0",-,-,"14,574.0","432,876.7","20,302.0","4,860.2",772.5,688.2,-,"212,399.3","23,233.4","123,864.6","343,279.0","24,382.2","12,234.0",-,"9,295.4","12,214.5",-,"2,311.2",-,-,"338,262.0"
2021,광진구,소계,"17,062,995.2","26,647.0","11,122.0",-,-,"2,477,529.4","6,983,530.0",91.2,"1,059,375.8","18,591.5","20,125.6",-,"2,500,681.1","3,220.7","172,645.0","2,524,435.2","68,323.2","37,065.4","289,620.5","724,490.7","36,739.0",-,"54,459.9",-,"8,367.0","45,935.0"
2021,광진구,중곡동,"4,092,092.0",23,-,-,-,"1,552,004.7","1,605,864.2",-,"78,364.0","6,265.6","5,782.9",-,"588,841.4",-,"36,434.6","153,245.5","11,539.1","1,413.6",-,"26,035.6",-,-,"24,636.7",-,-,"1,641.1"
2021,광진구,능동,"1,102,862.7",552,-,-,-,"30,226.0","332,922.0",-,"26,859.0","1,661.0","2,502.6",-,"127,697.3",-,-,"1,368.5",-,-,-,"579,017.3",-,-,57,-,-,-
2021,광진구,구의동,"2,998,695.6","2,173.0",43,-,-,"390,333.0","1,457,826.4",-,"40,095.0","4,745.9","3,498.8",-,"510,413.4","2,645.7",-,"252,691.0","20,340.9","9,824.3","180,036.0","58,212.5","31,977.0",-,"8,153.7",-,-,"25,686.0"
2021,광진구,광장동,"2,394,555.7","16,974.0","11,039.0",-,-,"504,102.7","813,773.2",-,"132,800.0",633,"2,269.0",-,"244,045.9",3,233,"450,833.0","26,528.0","7,592.0","109,584.5","40,168.5","4,762.0",-,"8,014.0",-,"8,367.0","12,833.9"
2021,광진구,자양동,"4,608,706.4","3,228.0",-,-,-,23,"1,892,439.9",91.2,"160,648.7","3,078.9","4,255.3",-,"693,541.3",-,"135,977.4","1,662,759.7","5,035.2","18,235.5",-,"13,750.3",-,-,"10,145.0",-,-,"5,497.0"
2021,광진구,화양동,"1,131,795.8","2,297.0",-,-,-,840,"449,485.5",-,"499,042.1","1,132.0","1,299.0",-,"165,578.7",572,-,-,"4,880.0",-,-,"5,756.5",-,-,636,-,-,277
2021,광진구,군자동,"734,287.0","1,400.0",40,-,-,-,"431,218.8",-,"121,567.0","1,075.1",518,-,"170,563.1",-,-,"3,537.5",-,-,-,"1,550.0",-,-,"2,817.5",-,-,-
2021,동대문구,소계,"14,215,806.1","40,627.0","15,152.0",-,-,"730,118.0","7,800,592.7","3,910.0","1,312,898.0","7,787.9","18,107.9",-,"2,637,714.9","422,794.9","138,725.7","573,931.8","77,023.2","4,324.0",724,"313,981.9","5,826.0",-,"87,003.4",-,"8,054.0","16,508.8"
2021,동대문구,신설동,"340,504.3",-,-,-,-,-,"218,990.1",-,-,133.5,-,-,"81,969.8",-,"2,666.4","30,362.5",226,-,-,"5,294.2",-,-,861.8,-,-,-
2021,동대문구,용두동,"1,272,441.0",-,1,-,-,-,"757,245.7",-,"18,206.7",54.2,"3,704.1",-,"324,443.9","16,545.1","30,223.6","82,893.0","7,922.2",-,-,"20,390.1",-,-,"9,232.5",-,-,"1,578.9"
2021,동대문구,제기동,"1,183,759.0",-,-,-,-,"6,772.0","718,081.8",-,"42,661.6",542.2,728,-,"310,524.7","5,171.4",-,"80,458.3","6,695.7",-,-,"6,385.3",-,-,"5,149.0",-,-,589
2021,동대문구,전농동,"2,048,213.8","4,797.0",851,-,-,"152,020.0","937,456.5",-,"380,759.6",89,"1,770.0",-,"344,888.2","182,791.0",-,-,"11,041.6",-,-,"18,505.1",-,-,"12,220.1",-,114,910.7
2021,동대문구,답십리동,"1,659,884.5","4,631.0",72,-,-,"74,981.0","1,020,608.1",-,"45,181.7","2,549.0",751,-,"357,016.4","4,834.7","1,045.7","4,099.0","4,196.7",-,724,"122,342.7","5,826.0",-,"10,586.5",-,343,96
2021,동대문구,장안동,"2,335,470.4","5,808.0","4,577.0",-,-,235,"1,470,152.0",-,"82,605.4","1,617.8","5,486.8",-,"524,246.4",-,"48,142.0","136,122.0","1,348.0",-,-,"50,028.0",-,-,"3,543.9",-,-,"1,558.1"
2021,동대문구,청량리동,"1,197,399.2","2,698.0",-,-,-,"274,139.0","622,467.7",-,"49,130.0",103.1,"1,939.0",-,"165,760.9","8,047.0",-,"14,801.0",283,"4,324.0",-,"19,642.5",-,-,"23,307.0",-,"7,597.0","3,160.0"
2021,동대문구,회기동,"761,678.7",178,-,-,-,"49,128.0","282,768.7",-,"345,148.0",69,-,-,"71,041.0",-,-,-,"4,207.0",-,-,400,-,-,"8,739.0",-,-,-
2021,동대문구,휘경동,"1,684,153.6","18,175.0","4,436.0",-,-,"142,585.0","859,454.4",-,"172,310.0","2,630.1","3,521.0",-,"215,428.9","53,727.0","6,457.0","113,581.0","20,396.0",-,-,"62,735.6",-,-,"4,141.6",-,-,"4,575.0"
2021,동대문구,이문동,"1,732,301.6","4,340.0","5,215.0",-,-,"30,258.0","913,367.7","3,910.0","176,895.0",-,208,-,"242,394.7","151,678.7","50,191.0","111,615.0","20,707.0",-,-,"8,258.4",-,-,"9,222.0",-,-,"4,041.1"
2021,중랑구,소계,"18,495,583.6","371,916.0","133,865.0","183,869.3",-,"2,588,019.6","7,124,039.3","4,234.9","649,363.5","97,163.8","17,325.5","8,071.3","2,841,995.2","417,770.0","170,716.0","908,517.9","164,359.9","81,094.6","3,958.0","1,059,272.8",-,-,"77,405.8",-,"1,412,928.2","179,697.0"
2021,중랑구,면목동,"6,028,753.1","17,890.0","3,454.0","7,310.0",-,"868,992.2","2,440,487.2",-,"177,615.3","11,207.1","3,588.2",465.8,"828,463.0",-,"90,953.0","488,227.6","45,329.7","73,010.3",-,"370,383.6",-,-,"18,485.5",-,"579,219.2","3,671.4"
2021,중랑구,상봉동,"1,528,221.3","1,269.0",531,27,-,"128,783.0","827,287.8","4,234.9","53,318.9","1,141.7","2,887.5",457.5,"308,934.3","117,650.7",-,"25,772.4","6,170.4",-,-,"31,633.3",-,-,"9,521.9",-,-,"8,600.0"
2021,중랑구,중화동,"1,654,930.3","2,623.0",-,-,-,"86,789.0","843,125.0",-,"62,126.1","1,924.8","2,429.3",-,"295,513.0","45,591.0","55,073.0","175,755.0","20,156.4",-,-,"54,091.2",-,-,"7,831.5",-,-,"1,902.0"
2021,중랑구,묵동,"1,901,417.9",917,60,"1,087.0",-,"173,170.4","899,904.1",-,"102,917.0","1,681.4",679.4,-,"346,499.1",-,"24,649.0","188,338.0","18,208.6",-,-,"122,283.0",-,-,"14,462.4",-,-,"6,561.5"
2021,중랑구,망우동,"3,871,615.5","136,205.0","47,652.0","61,137.3",-,"698,688.0","1,029,660.5",-,"177,808.7","10,670.2","4,769.9","1,099.0","497,883.7","159,090.8",41,412,"29,716.4",-,-,"178,044.6",-,-,"16,283.4",-,"804,286.0","18,167.0"
2021,중랑구,신내동,"3,510,645.5","213,012.0","82,168.0","114,308.0",-,"631,597.0","1,083,574.7",-,"75,577.5","70,538.6","2,971.2","6,049.0","564,702.1","95,437.5",-,"30,012.9","44,778.4","8,084.3","3,958.0","302,837.1",-,-,"10,821.1",-,"29,423.0","140,795.1"
2021,성북구,소계,"24,576,989.0","61,824.0","51,104.0",-,-,"8,101,925.2","10,233,919.2",-,"1,630,739.4","12,285.9","24,457.4","1,443.3","2,733,912.0","141,560.0","33,371.0","526,483.4","145,981.2","1,434.0","6,102.7","555,234.5",-,-,"204,454.0","3,269.0","53,874.0","53,614.8"
2021,성북구,성북동,"2,632,478.8","2,045.0",-,-,-,"1,195,712.0","1,040,312.3",-,"95,858.0",83,-,-,"185,234.5",-,-,"39,817.0","3,256.0",899,486,"48,657.0",-,-,"17,135.0","2,984.0",-,-
2021,성북구,성북동1가,"80,899.4",-,-,-,-,-,"49,716.8",-,-,-,-,-,"22,038.6",-,-,"5,547.1",-,-,-,-,-,-,"3,596.9",-,-,-
2021,성북구,돈암동,"1,131,555.3",456,-,-,-,"175,963.3","659,930.3",-,"65,373.1","1,982.0",-,-,"99,737.1",-,-,"19,089.0","2,273.0",-,15,"90,322.5",-,-,"16,414.0",-,-,-
2021,성북구,동소문동1가,"64,102.8",-,-,-,-,-,"30,714.9",-,"8,765.9",-,-,-,"20,653.6",-,-,-,-,-,-,"3,968.4",-,-,-,-,-,-
2021,성북구,동소문동2가,"39,449.6",-,-,-,-,-,"23,652.0",-,-,66,-,154.3,"12,213.1",-,-,"3,364.2",-,-,-,-,-,-,-,-,-,-
2021,성북구,동소문동3가,"28,054.4",-,-,-,-,-,"11,332.3",-,-,-,-,-,"12,867.9",-,-,"3,854.2",-,-,-,-,-,-,-,-,-,-
2021,성북구,동소문동4가,"94,424.2",-,-,-,-,-,"71,709.2",-,"2,449.2",-,-,-,"20,265.8",-,-,-,-,-,-,-,-,-,-,-,-,-
2021,성북구,동소문동5가,"42,971.8",-,-,-,-,-,"22,894.7",-,-,-,-,-,"17,326.7",-,-,"2,750.4",-,-,-,-,-,-,-,-,-,-
2021,성북구,동소문동6가,"99,858.8",-,-,-,-,-,"47,279.3",-,"20,109.0",-,-,-,"26,564.2",-,-,-,-,-,-,-,-,-,"5,906.3",-,-,-
2021,성북구,동소문동7가,"69,953.6",-,-,-,-,-,"45,546.6",-,"7,756.2",-,-,-,"15,791.7",-,-,-,-,-,-,446.2,-,-,412.9,-,-,-
2021,성북구,삼선동1가,"207,792.2","1,888.0",-,-,-,"20,784.5","147,246.4",-,"1,438.0",-,-,-,"33,229.5",-,-,"2,378.8",542,-,-,-,-,-,-,285,-,-
2021,성북구,삼선동2가,"228,192.3",208,-,-,-,"29,855.5","127,166.6",-,"22,448.6",-,-,-,"39,110.2",-,-,625.8,-,-,-,"4,400.6",-,-,111,-,-,"4,266.0"
2021,성북구,삼선동3가,"170,631.3",-,-,-,-,9,"80,417.7",-,"57,215.4",-,-,-,"30,702.1",-,-,-,-,-,-,"1,244.6",-,-,"1,042.5",-,-,-
2021,성북구,삼선동4가,"87,684.6",-,-,-,-,-,"56,165.5",-,-,129.7,-,-,"25,083.1",-,-,"6,306.3",-,-,-,-,-,-,-,-,-,-
2021,성북구,삼선동5가,"119,827.2",-,-,-,-,-,"83,372.6",-,-,-,-,-,"33,645.6",-,-,"2,809.0",-,-,-,-,-,-,-,-,-,-
2021,성북구,동선동1가,"81,966.4",-,-,-,-,-,"55,184.6",-,-,961.6,-,-,"24,292.0",-,-,-,-,-,-,-,-,-,"1,528.2",-,-,-
2021,성북구,동선동2가,"99,035.6",-,-,-,-,-,"54,221.3",-,"13,144.6",-,-,-,"26,680.5",-,-,"2,710.8",-,-,-,-,-,-,"2,278.4",-,-,-
2021,성북구,동선동3가,"97,961.0",-,-,-,-,-,"62,441.4",-,"7,914.4",110.4,-,-,"27,494.8",-,-,-,-,-,-,-,-,-,-,-,-,-
2021,성북구,동선동4가,"86,746.5",-,-,-,-,-,"58,255.1",-,"5,084.6",-,-,-,"23,406.8",-,-,-,-,-,-,-,-,-,-,-,-,-
2021,성북구,동선동5가,"67,136.7",-,-,-,-,-,"47,197.7",-,-,-,-,-,"18,223.3",-,-,-,-,-,-,-,-,-,"1,715.7",-,-,-
2021,성북구,안암동1가,"102,546.4",-,-,-,-,-,"72,217.5",-,"1,954.6",-,-,-,"21,159.1",-,-,"2,284.3",-,-,-,"3,355.7",-,-,"1,575.2",-,-,-
2021,성북구,안암동2가,"106,100.4",-,-,-,-,-,"42,928.5",-,"32,380.4",-,-,-,"26,308.1",-,-,"2,968.6",-,-,-,"1,514.8",-,-,-,-,-,-
2021,성북구,안암동3가,"108,418.8",-,-,-,-,509.8,"75,361.3",-,-,654.6,-,-,"23,025.4",-,-,"5,314.7",-,-,-,-,-,-,"3,553.0",-,-,-
2021,성북구,안암동4가,"58,286.5",-,-,-,-,148.2,"41,943.8",-,-,-,-,-,"12,004.7",-,-,"3,790.8",-,-,-,-,-,-,399,-,-,-
2021,성북구,안암동5가,"949,906.0",-,-,-,-,"115,051.0","139,425.0",-,"585,399.0",-,231,-,"84,794.0",-,-,-,"4,826.0",-,-,-,-,-,"8,497.0",-,-,"11,683.0"
2021,성북구,보문동4가,"42,940.5",-,-,-,-,-,"23,303.3",-,-,-,-,-,"14,576.1",-,-,"5,061.1",-,-,-,-,-,-,-,-,-,-
2021,성북구,보문동5가,"56,593.2",-,-,-,-,-,"39,226.6",-,-,-,"1,953.5",-,"15,413.1",-,-,-,-,-,-,-,-,-,-,-,-,-
2021,성북구,보문동6가,"144,066.3",7,-,-,-,"2,873.0","106,960.9",-,"2,162.3",-,-,-,"25,863.2",-,-,-,-,-,-,"4,685.9",-,-,"1,514.0",-,-,-
2021,성북구,보문동7가,"71,826.9",-,-,-,-,-,"36,968.7",-,-,-,470.8,-,"26,559.0",-,-,"6,264.4",-,-,-,"1,564.0",-,-,-,-,-,-
2021,성북구,보문동1가,"68,661.5",-,-,-,-,-,"39,125.7",-,-,-,750.4,-,"22,847.3",-,-,"5,938.1",-,-,-,-,-,-,-,-,-,-
2021,성북구,보문동2가,"64,235.5",-,-,-,-,-,"40,887.4",-,-,-,-,-,"20,601.8",-,-,-,-,-,-,-,-,-,"2,746.3",-,-,-
2021,성북구,보문동3가,"110,943.0",-,-,-,-,"24,297.0","46,771.4",-,"14,799.6",-,-,-,"12,186.5",-,-,-,168,-,-,"6,569.0",-,-,"6,151.5",-,-,-
2021,성북구,정릉동,"8,393,997.4","32,889.0","10,801.0",-,-,"5,562,289.1","1,800,899.8",-,"245,827.9","1,604.0","4,573.0","1,091.0","372,015.9",-,-,"159,794.8","47,746.0",-,"5,105.0","51,826.5",-,-,"76,181.6",-,"4,687.0","16,665.8"
2021,성북구,길음동,"1,233,204.2",-,-,-,-,"7,789.0","904,339.7",-,"71,839.5","1,321.7",731.7,-,"191,690.8",-,-,-,"10,632.0",-,414.4,"30,302.3",-,-,"13,837.0",-,-,306.1
2021,성북구,종암동,"1,458,261.9","2,984.0","3,759.0",-,-,"227,178.8","745,408.3",-,"153,719.0","1,798.9","3,814.0",-,"210,350.5",-,"3,786.0","53,279.0","11,736.2",-,82.3,"16,884.1",-,-,"8,314.8",-,-,"15,167.0"
2021,성북구,하월곡동,"1,793,251.6","3,617.0",487,-,-,"206,328.0","1,052,752.9",-,"80,894.1",331,"4,036.0",198,"229,226.8","11,746.0",14,"53,955.0","21,752.0",-,-,"109,237.2",-,-,"18,445.6",-,-,231
2021,성북구,상월곡동,"523,455.6","4,818.0",-,-,-,"116,496.0","199,999.4",-,"14,649.0",-,"1,228.0",-,"56,788.6","2,392.0",-,-,644,-,-,"126,260.6",-,-,-,-,-,180
2021,성북구,장위동,"2,025,700.8","5,338.0","2,973.0",-,-,"30,915.0","1,368,973.0",-,"65,258.0","2,933.0","5,169.0",-,"415,612.7",9,"2,087.0","39,744.0","27,460.0",231,-,"45,885.1",-,-,"9,274.1",-,-,"3,838.9"
2021,성북구,석관동,"1,733,870.0","7,574.0","33,084.0",-,-,"385,726.0","681,668.7",-,"54,299.0",310,"1,500.0",-,"238,327.3","127,413.0","27,484.0","98,836.0","14,946.0",304,-,"8,110.0",-,-,"3,824.0",-,"49,187.0","1,277.0"
2021,강북구,소계,"23,600,441.3","64,748.0","30,067.0",-,-,"12,524,189.3","6,679,360.8","4,290.4","551,611.2","26,103.1","16,211.4",192,"1,998,948.3",-,65,"332,302.9","87,261.9","2,092.0","22,944.0","923,073.8",-,"9,554.0","157,751.0",-,"73,975.0","95,700.2"
2021,강북구,미아동,"4,373,886.7",882,"1,200.0",-,-,"285,296.3","2,690,044.4",-,"263,050.2","13,255.4","5,124.0",-,"778,036.8",-,-,"13,621.0","38,307.2",-,"17,669.0","134,329.0",-,-,"59,248.9",-,"60,240.0","13,582.5"
2021,강북구,번동,"2,702,535.0","4,969.0",2,-,-,"400,502.0","1,006,685.1","4,290.4","62,615.7","2,478.4","7,730.1",-,"369,606.0",-,65,"66,962.9","18,534.3",-,271,"739,757.0",-,-,"9,996.4",-,-,"8,069.7"
2021,강북구,수유동,"7,629,467.0","20,478.0","7,302.0",-,-,"3,930,470.0","2,461,096.4",-,"210,876.3","9,318.3","3,357.3",192,"736,743.8",-,-,"139,738.0","13,328.4",-,"4,505.0","13,759.8",-,"9,554.0","50,907.7",-,"7,323.0","10,517.0"
2021,강북구,우이동,"8,894,552.6","38,419.0","21,563.0",-,-,"7,907,921.0","521,534.9",-,"15,069.0","1,051.0",-,-,"114,561.7",-,-,"111,981.0","17,092.0","2,092.0",499,"35,228.0",-,-,"37,598.0",-,"6,412.0","63,531.0"
2021,도봉구,소계,"20,651,004.3","232,663.0","98,064.0","25,546.0",-,"9,574,036.2","6,163,958.1","28,934.9","741,891.7","90,871.3","19,195.9","5,115.0","2,084,737.9","178,087.9","15,287.7","473,462.8","179,206.0",21,403.1,"534,742.4","65,575.0","1,736.0","56,377.7",-,"4,224.0","76,866.7"
2021,도봉구,쌍문동,"2,790,583.5","32,292.0","9,407.0",-,-,"304,650.2","1,483,348.8",-,"318,117.7","3,441.2","5,069.4",59,"446,167.4",-,-,"73,084.8","11,246.6",-,403.1,"79,865.3","9,320.0",-,"10,330.0",-,440,"3,341.0"
2021,도봉구,방학동,"4,050,210.6","58,504.0","19,184.0","1,818.0",-,"1,657,049.0","1,406,014.6",-,"145,724.1","4,904.1","3,251.9",-,"483,935.6","16,387.6","6,474.0","64,937.8","64,132.0",-,-,"92,638.3","6,180.0",-,"10,294.9",-,496,"8,284.7"
2021,도봉구,창동,"4,258,940.8","6,448.0","5,373.0","17,157.0",-,"453,960.0","2,163,895.7","10,605.9","193,504.3","38,255.3","4,359.7","5,056.0","718,729.7","97,382.4","8,278.5","201,358.2","12,626.3",21,-,"253,669.5","50,075.0",-,"17,774.3",-,2,409
2021,도봉구,도봉동,"9,551,269.4","135,419.0","64,100.0","6,571.0",-,"7,158,377.0","1,110,699.0","18,329.0","84,545.6","44,270.7","6,514.9",-,"435,905.2","64,317.9",535.2,"134,082.0","91,201.1",-,-,"108,569.3",-,"1,736.0","17,978.5",-,"3,286.0","64,832.0"
2021,노원구,소계,"35,439,208.7","193,656.0","161,793.0","17,574.1",-,"15,393,703.6","9,355,441.9","3,087.7","2,489,735.8","26,973.5","25,525.7","2,227.0","2,872,528.8","645,621.0","126,642.0","1,109,434.0","103,230.1","39,168.0","92,719.6","773,262.3","647,984.7",-,"137,407.2",-,"17,393.0","1,204,099.7"
2021,노원구,월계동,"4,277,729.7","27,047.0","30,398.0",-,-,"1,338,304.0","1,360,372.8","3,087.7","344,647.1","3,130.1","3,839.4",-,"355,970.8","343,640.8","9,748.0","263,105.7","12,820.0",-,"37,866.0","86,358.3","5,215.0",-,"16,431.3",-,-,"35,747.7"
2021,노원구,공릉동,"8,236,325.7","41,544.0","91,360.0",-,-,"2,558,048.0","1,630,256.2",-,"1,024,295.2","2,717.2","9,695.0",-,"580,130.1","108,774.9","50,248.1","193,928.4","33,982.3","39,160.0","54,146.0","101,233.0","639,254.0",-,"11,526.5",-,"17,393.0","1,048,633.8"
2021,노원구,하계동,"2,027,201.2","10,063.0","8,720.0",-,-,"367,088.0","819,227.3",-,"385,516.1",894,"1,389.0",-,"278,152.9","12,340.0","1,369.0","47,321.6","2,578.0",-,-,"80,403.9",-,-,"10,542.0",-,-,"1,596.4"
2021,노원구,상계동,"15,680,615.7","77,118.0","26,608.0","9,989.9",-,"8,775,229.6","3,840,318.7",-,"419,253.8","9,869.9","7,250.5","2,227.0","1,176,318.6","180,865.3","65,041.9","534,765.7","50,264.8",8,547.6,"318,835.2","3,515.7",-,"70,005.1",-,-,"112,582.4"
2021,노원구,중계동,"5,217,336.4","37,884.0","4,707.0","7,584.2",-,"2,355,034.0","1,705,266.9",-,"316,023.6","10,362.3","3,351.8",-,"481,956.4",-,235,"70,312.6","3,585.0",-,160,"186,431.9",-,-,"28,902.3",-,-,"5,539.4"
2021,은평구,소계,"29,710,521.5","522,527.3","365,842.5",-,-,"13,394,998.1","9,763,754.1","2,568.0","688,918.4","75,131.5","21,342.5",-,"2,891,122.0","162,024.0",737,"503,051.9","267,528.9","2,791.5","35,946.2","596,828.8","5,104.0","4,933.0","121,893.1","1,081.0","23,498.0","258,899.7"
2021,은평구,수색동,"1,291,450.7","10,993.0","9,888.0",-,-,"404,811.5","445,983.4","2,568.0","31,152.0","46,398.6","1,715.0",-,"143,877.7","162,024.0",-,"1,803.0","10,498.0",-,746,"3,571.5",-,-,"6,589.0",-,-,"8,832.0"
2021,은평구,녹번동,"1,789,992.7","2,262.0",94,-,-,"681,914.0","793,443.4",-,"28,475.1",231,"2,598.0",-,"188,556.4",-,-,"30,736.1","9,498.0",-,161.5,"39,724.9",-,-,"12,064.3",-,-,234
2021,은평구,불광동,"4,512,484.3","36,746.0","9,643.0",-,-,"2,514,868.9","1,343,521.9",-,"122,263.0","5,393.0","1,494.0",-,"316,060.2",-,-,"38,773.0","36,533.0",-,-,"59,258.6","5,104.0",-,"19,879.7",-,-,"2,946.0"
2021,은평구,갈현동,"1,936,485.0","1,220.1",-,-,-,"470,909.0","1,028,772.2",-,"90,651.1","2,370.2","2,423.0",-,"291,303.7",-,-,"6,735.0","19,056.8",-,"4,883.1","9,576.8",-,-,"7,408.0",-,-,"1,176.0"
2021,은평구,구산동,"1,381,584.8","4,100.0",486.5,-,-,"541,025.0","559,098.8",-,"91,760.5",230.7,-,-,"141,937.6",-,-,-,"24,666.4",-,-,"14,006.0",-,-,"4,233.3",-,-,40
2021,은평구,대조동,"848,827.4",614,19,-,-,"1,084.0","587,615.9",-,"52,708.7",182,389.8,-,"184,645.7",-,-,43,"9,566.0",-,-,"4,562.1",-,-,"7,271.2",-,-,126
2021,은평구,응암동,"2,612,090.0","2,360.0",160,-,-,"397,112.6","1,514,947.5",-,"81,258.3","5,244.3","1,371.7",-,"457,873.4",-,737,"78,751.4","11,603.3",-,152.6,"43,326.3",-,-,"17,191.6",-,-,-
2021,은평구,역촌동,"1,158,322.4",186,-,-,-,"67,147.1","766,928.9",-,"13,228.1","1,967.4",-,-,"230,219.7",-,-,"31,076.3","30,244.8",-,-,"5,350.9",-,-,"11,973.2",-,-,-
2021,은평구,신사동,"1,839,808.2","1,610.2",213,-,-,"584,759.3","828,624.3",-,"63,413.0",995.8,"2,629.2",-,"270,282.9",-,-,-,"13,484.8",-,-,"33,291.1",-,-,"3,658.6",-,"16,883.0","19,963.0"
2021,은평구,증산동,"807,559.4","1,838.0",-,-,-,"159,360.7","401,925.9",-,"38,780.1",-,"3,877.7",-,"159,087.8",-,-,-,"4,208.3","2,127.5","28,450.0","3,241.6",-,-,"4,661.8",-,-,-
2021,은평구,진관동,"11,531,916.6","460,598.0","345,339.0",-,-,"7,572,006.0","1,492,891.9",-,"75,228.5","12,118.5","4,844.1",-,"507,276.9",-,-,"315,134.1","98,169.5",664,"1,553.0","380,919.0",-,"4,933.0","26,962.4","1,081.0","6,615.0","225,582.7"
2021,서대문구,소계,"17,626,389.3","73,609.0","4,512.0",-,-,"4,653,867.4","7,175,202.2",-,"2,184,770.7","19,249.0","10,389.1",-,"2,155,850.5","210,553.2",-,"438,928.0","70,561.5",-,"22,777.0","456,532.5",-,-,"76,259.3",119,"56,613.0","16,595.9"
2021,서대문구,충정로2가,"127,237.5",-,-,-,-,-,"65,963.5",-,"26,910.2",751.2,-,-,"33,474.8",-,-,-,-,-,-,-,-,-,-,-,-,137.8
2021,서대문구,충정로3가,"256,707.0",-,-,-,-,"2,895.7","175,093.1",-,"4,297.4",-,-,-,"54,850.5","13,396.4",-,-,998.4,-,-,731.2,-,-,"4,020.3",-,-,424
2021,서대문구,합동,"42,486.0",-,-,-,-,-,"31,603.2",-,-,-,-,-,"7,227.0","1,112.8",-,465.8,612.1,-,-,381.3,-,-,"1,083.8",-,-,-
2021,서대문구,미근동,"78,124.3",-,-,-,-,-,"49,001.7",-,"7,175.3",549.9,-,-,"16,755.2","2,689.5",-,"1,849.2",103.5,-,-,-,-,-,-,-,-,-
2021,서대문구,냉천동,"118,251.3",-,-,-,-,-,"74,408.4",-,"20,546.5",-,-,-,"18,964.1",-,-,-,490.6,-,-,"2,198.1",-,-,"1,643.6",-,-,-
2021,서대문구,천연동,"148,902.1",-,-,-,-,"30,648.0","85,172.8",-,"12,349.7",-,-,-,"17,897.0",-,-,-,340.4,-,-,-,-,-,"2,320.9",-,-,173.3
2021,서대문구,옥천동,"54,177.2",-,-,-,-,"11,066.0","31,610.5",-,-,-,-,-,"6,985.4",-,-,-,531.9,-,-,"3,838.7",-,-,144.7,-,-,-
2021,서대문구,영천동,"135,772.6",-,-,-,-,"47,778.3","49,598.8",-,-,-,-,-,"28,787.3",-,-,-,"3,837.5",-,-,"5,770.7",-,-,-,-,-,-
2021,서대문구,현저동,"518,745.5",73,-,-,-,"177,582.9","154,289.7",-,"9,185.7",-,-,-,"50,725.2",-,-,-,-,-,-,"126,889.0",-,-,-,-,-,-
2021,서대문구,북아현동,"1,076,707.6",-,-,-,-,"13,827.0","580,114.3",-,"274,405.9","1,680.9",-,-,"152,234.8","17,837.6",-,-,-,-,-,"26,628.9",-,-,"9,978.2",-,-,-
2021,서대문구,홍제동,"3,119,790.1","6,419.0",-,-,-,"1,399,396.5","1,140,693.6",-,"64,694.5","1,995.0","1,513.0",-,"256,529.2",-,-,"82,759.8","23,738.8",-,-,"104,251.4",-,-,"10,252.0",119,"25,399.0","2,029.3"
2021,서대문구,대현동,"467,231.1",-,-,-,-,542,"141,747.7",-,"232,158.9",-,-,-,"64,824.3","21,135.2",-,-,"1,304.0",-,-,"3,706.4",-,-,"1,812.6",-,-,-
2021,서대문구,대신동,"267,478.5",-,-,-,-,-,"54,364.3",-,"152,282.2",105.4,-,-,"60,726.6",-,-,-,-,-,-,-,-,-,-,-,-,-
2021,서대문구,신촌동,"861,177.0",815,-,-,-,"22,255.0","24,620.0",-,"746,457.0",-,-,-,"37,280.0","23,108.0",-,484,"1,063.0",-,-,"5,095.0",-,-,-,-,-,-
2021,서대문구,봉원동,"427,238.0","32,687.0","2,611.0",-,-,"345,730.0","29,655.0",-,-,-,-,-,"2,947.0",-,-,"9,414.0",-,-,-,713,-,-,"3,481.0",-,-,-
2021,서대문구,창천동,"607,265.2",238,-,-,-,"2,308.0","344,395.3",-,"41,094.3","1,090.2",567.6,-,"150,118.3","40,062.0",-,-,"4,189.4",-,-,"9,276.0",-,-,"13,741.1",-,119,66
2021,서대문구,연희동,"3,012,778.1","17,607.0",93,-,-,"799,489.0","1,238,799.8",-,"336,526.8","4,740.4","5,049.9",-,"381,885.4","28,435.5",-,"109,975.8","8,856.5",-,255,"41,759.3",-,-,"5,250.7",-,"31,095.0","2,959.0"
2021,서대문구,홍은동,"3,645,684.1","15,308.0","1,030.0",-,-,"1,799,501.0","1,215,521.4",-,"117,361.7","3,571.0","2,783.6",-,"281,533.9",-,-,"104,835.5","13,710.2",-,"22,335.0","51,622.8",-,-,"8,208.0",-,-,"8,362.0"
2021,서대문구,북가좌동,"1,405,273.8",76,-,-,-,673,"902,593.7",-,"38,350.2","1,950.5",61,-,"303,652.9","33,372.2",-,"86,377.6","4,083.2",-,-,"29,230.1",-,-,"4,853.4",-,-,-
2021,서대문구,남가좌동,"1,255,362.3",386,778,-,-,175,"785,955.4",-,"100,974.4","2,814.5",414,-,"228,451.6","29,404.0",-,"42,766.3","6,702.0",-,187,"44,440.6",-,-,"9,469.0",-,-,"2,444.5"
2021,마포구,소계,"23,850,080.9","277,764.1","102,833.0",-,-,"368,829.2","8,552,614.5","17,024.7","711,314.4","40,086.0","11,050.0",214,"3,527,404.8","564,005.9","222,908.4","5,765,275.2","88,326.4","88,218.3","10,150.0","2,748,438.0",-,"6,502.4","84,707.0",263,"10,463.0","651,688.6"
2021,마포구,아현동,"781,011.1",628,-,-,-,-,"491,183.1",-,"65,000.5",78.7,-,-,"177,574.8",-,-,-,"3,361.4",-,"9,449.5","24,634.1",-,-,"8,889.0",-,202,10
2021,마포구,공덕동,"765,264.3",78,-,-,-,728,"539,929.6",-,"14,102.1",736,648,-,"181,997.5",-,-,-,"7,644.9",-,-,"11,697.3",-,-,"7,435.9",-,-,267
2021,마포구,신공덕동,"240,815.8",-,-,-,-,-,"185,152.3",-,-,-,-,-,"51,510.4",-,-,-,-,-,-,"2,766.3",-,-,339.3,-,3,"1,044.5"
2021,마포구,도화동,"585,081.4",57.1,476,-,-,40,"412,623.3",-,"15,722.8",824.5,780.8,-,"118,930.5","25,121.3",-,-,"3,410.2",-,176.5,"6,191.2",-,-,727.2,-,-,-
2021,마포구,용강동,"300,264.5",-,-,-,-,-,"162,053.6",-,-,-,235,-,"60,699.7",-,"7,556.0","62,427.0",30,-,-,"5,288.2",-,-,"1,972.0",-,-,3
2021,마포구,토정동,"117,933.3",-,-,-,-,-,"16,090.3",-,-,-,-,-,"10,904.0",-,"7,874.0","83,065.0",-,-,-,-,-,-,-,-,-,-
2021,마포구,마포동,"224,478.6",-,-,-,-,-,"81,115.2",-,-,358.3,-,-,"64,915.4",-,"5,569.5","34,226.0",-,"30,601.6",-,"2,034.5",-,-,"5,658.1",-,-,-
2021,마포구,대흥동,"605,222.2","1,143.0",-,-,-,"41,005.5","332,406.8",-,"80,266.0",-,"1,083.0",-,"115,502.4","12,685.0",-,-,"7,540.0",-,-,"6,920.2",-,-,"2,650.3",-,-,"4,020.0"
2021,마포구,염리동,"547,517.8",449,-,-,-,-,"336,686.2",-,"85,178.3","1,489.0","1,169.0",-,"96,032.0","17,740.6",-,-,"3,755.0",-,-,"1,029.3",-,-,"3,669.4",-,320,-
2021,마포구,노고산동,"307,482.8",-,-,-,-,"13,949.0","162,379.0",-,"15,666.8",-,-,-,"92,244.0","14,538.2",-,-,"1,695.3",-,-,"2,365.4",-,-,"4,645.1",-,-,-
2021,마포구,신수동,"594,834.5",987,921,-,-,"17,887.0","325,630.3",-,"94,801.0",-,-,-,"114,071.4","21,621.0",-,"4,713.0","3,792.0",-,-,"5,488.8",-,-,"4,892.0",-,30,-
2021,마포구,현석동,"189,516.1",284,-,-,-,-,"76,545.3",-,-,-,-,-,"25,177.1",-,"2,837.0","76,493.0",845,-,-,"7,334.7",-,-,-,-,-,-
2021,마포구,구수동,"50,065.7",450,-,-,-,47,"33,293.1",-,782,-,-,-,"10,855.6",-,-,"4,137.0",-,-,-,-,-,-,-,-,-,501
2021,마포구,창전동,"475,480.4",303,-,-,-,"59,067.0","280,852.8",-,"5,066.0",53,"1,359.0",-,"94,278.4","6,744.0",76,"5,327.0",295,-,524,"14,467.9",-,-,"3,272.0",263,-,"3,532.3"
2021,마포구,상수동,"567,266.4","1,783.0","2,281.0",-,-,"8,838.0","212,777.7",-,"106,848.0",184,-,-,"87,895.0",-,250,"134,026.0","3,244.0",406,-,"7,648.7",-,-,662,-,-,423
2021,마포구,하중동,"94,279.6",56,-,-,-,-,"33,966.9",-,-,-,-,-,"13,079.7",-,211,"46,879.0",87,-,-,-,-,-,-,-,-,-
2021,마포구,신정동,"114,319.0",17,-,-,-,-,"28,078.6",-,-,-,-,-,"25,254.8",-,-,"58,355.0",-,-,-,236.6,-,-,-,-,-,"2,377.0"
2021,마포구,당인동,"321,574.0",261,56,-,-,-,"96,377.0",-,-,-,-,-,"10,682.0","3,515.0",-,"208,793.0",-,-,-,301,-,-,-,-,13,"1,576.0"
2021,마포구,서교동,"1,182,109.0",20,189,-,-,-,"821,032.6",-,"14,779.5",660.6,-,-,"315,851.8",92,-,-,"10,053.1",-,-,"12,025.6",-,-,"7,404.8",-,-,-
2021,마포구,동교동,"413,978.6",-,-,-,-,174,"250,963.7",-,-,481.9,-,-,"128,443.4","24,980.6",-,-,"4,010.2",-,-,"4,416.9",-,-,-,-,-,507.9
2021,마포구,합정동,"1,722,811.5","19,983.0",454,-,-,"5,663.0","491,856.3",-,"28,599.0",-,933.2,-,"290,390.1",-,"25,593.0","803,432.0","1,777.4",517,-,"2,591.8",-,-,"16,538.7",-,"9,895.0","24,588.0"
2021,마포구,망원동,"1,745,619.8","7,979.0",-,-,-,"1,570.0","692,962.0",-,"13,433.3","4,052.2",552.4,-,"239,567.1",-,"49,491.9","628,464.0","24,563.3","53,908.7",-,"6,321.4",-,-,"2,010.6",-,-,"20,743.9"
2021,마포구,연남동,"644,292.3",77,"1,557.0",-,-,-,"444,464.9",-,-,588.4,-,-,"142,548.8","48,885.3",-,"3,193.0",688.3,-,-,"1,986.4",-,-,303.2,-,-,-
2021,마포구,성산동,"2,562,845.3","51,329.0","79,620.0",-,-,"210,527.7","1,024,704.4",-,"59,317.9","1,925.0","2,675.1",214,"464,712.3","8,660.0","7,719.0","277,254.0","5,019.3","2,785.0",-,"322,618.7",-,-,"3,595.4",-,-,"40,168.5"
2021,마포구,중동,"333,932.8",430,151,-,-,"1,835.0","143,676.4",-,"34,530.0",-,-,-,"56,499.4","85,200.0",-,"8,672.0",42,-,-,"2,897.0",-,-,-,-,-,-
2021,마포구,상암동,"8,362,084.1","191,450.0","17,128.0",-,-,"7,498.0","875,813.1","17,024.7","77,221.2","28,654.4","1,614.5",-,"537,787.2","294,222.9","115,731.0","3,325,819.2","6,473.0",-,-,"2,297,176.0",-,"6,502.4","10,042.0",-,-,"551,926.5"
2021,양천구,소계,"17,405,693.3","103,436.0","13,535.0",-,-,"1,064,543.8","8,665,472.0","5,596.4","806,457.3","178,915.1","38,068.5",-,"3,095,866.9","235,510.5","210,259.9","446,846.0","198,856.3","149,046.3","38,586.0","1,747,198.3","146,916.7",-,"81,543.8",-,974,"178,064.5"
2021,양천구,신정동,"7,132,734.7","14,396.0","5,350.0",-,-,"515,287.1","3,291,339.1","5,596.4","315,563.0","161,128.7","19,905.7",-,"1,225,593.9","235,510.5","68,242.7","145,120.0","107,489.3","42,255.0","8,332.0","853,114.0",-,-,"34,883.4",-,-,"83,627.9"
2021,양천구,목동,"5,337,562.1",987,"2,330.0",-,-,"1,543.5","2,968,150.2",-,"219,226.9","7,691.2","5,301.4",-,"892,606.6",-,"142,017.2","301,726.0","42,570.4","106,791.3","26,784.0","421,380.2","146,916.7",-,"20,473.0",-,974,"30,092.5"
2021,양천구,신월동,"4,935,396.5","88,053.0","5,855.0",-,-,"547,713.2","2,405,982.7",-,"271,667.4","10,095.2","12,861.4",-,"977,666.4",-,-,-,"48,796.6",-,"3,470.0","472,704.1",-,-,"26,187.4",-,-,"64,344.1"
2021,강서구,소계,"41,452,201.0","1,326,007.9","3,218,593.6","41,605.0",-,"2,746,072.2","11,713,251.5","168,229.2","977,359.2","142,664.3","55,162.8","15,473.9","4,371,267.8","414,431.9","608,379.7","3,660,778.0","563,918.2","189,911.3","1,420.9","1,767,064.4","37,300.7",-,"99,419.1","3,719.0","12,641.0","9,317,529.4"
2021,강서구,염창동,"1,739,913.4",501,-,-,-,"96,408.0","678,028.4","8,097.0","55,224.3",-,"1,778.3",262.8,"205,286.0",-,"150,032.9","507,006.0","19,129.0","2,607.0",-,"4,289.8",-,-,"2,318.3",-,-,"8,944.6"
2021,강서구,등촌동,"2,622,573.5",91,103,-,-,"324,216.5","1,473,287.4","2,272.5","228,420.1","1,679.1","3,621.8",-,"490,030.7",25.9,-,-,"6,626.8",-,17,"64,357.5","6,011.6",-,"13,080.9",-,-,"8,731.7"
2021,강서구,화곡동,"6,334,054.5","4,196.5","1,318.0",-,-,"685,137.0","3,905,613.0",-,"126,415.0","16,495.1","7,810.7",-,"1,157,218.7",-,-,-,"36,888.0",-,409.9,"327,998.3","26,303.6",-,"36,051.7",-,-,"2,199.0"
2021,강서구,가양동,"2,464,376.1","6,125.0",281,-,-,"2,956.0","836,956.9","151,734.7","125,755.6","6,728.2","5,620.0",-,"295,647.8",99,"207,130.8","555,837.0","5,806.9","30,304.3",994,"201,872.4",-,-,"9,966.1","2,020.0",-,"18,540.4"
2021,강서구,마곡동,"5,371,250.7","75,727.0","859,439.0",-,-,"28,667.0","1,610,482.0","2,160.0","104,682.4","26,365.0","5,599.8","2,218.0","653,632.4","6,146.0","119,032.0","593,091.0","30,903.0","120,375.0",-,"634,141.3",-,-,"2,994.4",-,69,"495,526.4"
2021,강서구,내발산동,"1,649,586.1","3,348.0",384,-,-,"84,797.7","808,852.1",-,"134,111.1","4,406.2","3,577.2",-,"271,562.9",-,-,278,"5,190.0",-,-,"311,534.8",-,-,"7,717.0",-,-,"13,827.1"
2021,강서구,외발산동,"1,331,500.0","63,692.4","66,715.6",-,-,"181,189.0","335,571.0","3,965.0",-,"1,990.0","6,133.0","7,280.1","122,370.3",-,149,-,"6,296.8","1,970.0",-,"18,168.0",-,-,-,-,-,"516,009.8"
2021,강서구,공항동,"2,905,994.7","58,784.0","25,625.0",-,-,"38,579.0","448,211.7",-,"51,523.0",420,545,-,"267,431.5",-,-,-,"2,175.5","1,184.0",-,"21,031.5",-,-,"9,135.8",-,3,"1,981,345.7"
2021,강서구,방화동,"4,738,246.4","59,477.0","21,618.0",-,-,"479,173.0","1,363,274.0",-,"151,227.7","13,833.3","3,835.0",175,"548,388.2","11,055.0","66,263.0","822,215.0","28,820.2","17,653.0",-,"181,173.8","4,985.5",-,"14,416.9",-,622,"950,040.8"
2021,강서구,개화동,"4,785,635.1","476,921.0","349,289.0","1,965.0",-,"797,860.0","144,688.5",-,-,"63,738.4","7,638.0",946,"258,786.0","387,043.0","65,712.0","1,165,875.0","148,887.0","15,706.0",-,"2,497.0",-,-,"3,738.0","1,699.0",377,"892,269.2"
2021,강서구,과해동,"2,793,612.9","118,929.0","637,725.0","12,000.0",-,-,638,-,-,-,-,-,"29,309.0","10,063.0",43,-,"69,215.0",-,-,-,-,-,-,-,-,"1,915,690.9"
2021,강서구,오곡동,"3,727,222.3","293,352.0","1,119,212.0","27,640.0",-,"8,871.0","26,766.0",-,-,-,"9,004.0",245,"47,003.0",-,17,"15,749.0","176,604.0",112,-,-,-,-,-,-,"8,037.0","1,994,610.3"
2021,강서구,오쇠동,"988,235.3","164,864.0","136,884.0",-,-,"18,218.0","80,882.5",-,-,"7,009.0",-,"4,347.0","24,601.3",-,-,727,"27,376.0",-,-,-,-,-,-,-,"3,533.0","519,793.5"
2021,구로구,소계,"20,119,103.8","481,456.0","356,854.0",-,-,"3,040,475.4","8,336,653.5","542,796.0","806,514.6","29,102.9","23,777.0","4,706.0","2,861,619.3","936,694.8","67,389.1","967,685.9","286,559.3","101,146.0","27,073.0","862,882.7","1,125.0",-,"105,313.6",-,"14,246.0","265,033.7"
2021,구로구,신도림동,"1,465,044.2","9,325.0","3,379.0",-,-,-,"635,446.3","26,734.0","47,724.0",-,"1,108.0",103,"222,465.9","60,757.0","31,236.0","362,907.0","12,375.0","20,713.0",-,"11,441.0","1,125.0",-,"1,316.0",-,-,"16,889.0"
2021,구로구,구로동,"5,286,947.6","18,915.0","6,834.0",-,-,"3,729.0","2,508,850.4","376,935.0","220,100.6","16,545.8","10,256.8",-,"1,051,202.8","423,414.0","31,090.1","461,896.8","19,002.4","45,636.0",487,"40,979.2",-,-,"23,763.7",-,60,"27,249.0"
2021,구로구,가리봉동,"408,136.1",727,578,-,-,"1,565.0","288,128.2",-,"17,272.0",-,-,-,"94,030.9",590,-,-,18,-,-,244,-,-,"1,015.0",-,4,"3,964.0"
2021,구로구,고척동,"2,178,411.7","9,954.0","5,200.0",-,-,"70,705.0","1,159,546.6","49,335.0","125,137.0","3,056.0","1,626.0",673,"329,812.3",-,29,"51,705.0","6,653.0","2,112.0","19,532.0","256,400.8",-,-,"8,826.0",-,99,"78,010.0"
2021,구로구,개봉동,"2,925,560.2","13,606.0","11,708.0",-,-,"327,676.4","1,448,000.2",228,"97,441.8","4,381.1","2,895.8",-,"481,015.1","94,815.8",74,"67,118.1","66,445.2","22,610.0","1,614.0","225,901.2",-,-,"4,878.9",-,-,"55,150.6"
2021,구로구,오류동,"2,241,502.8","19,612.0","46,735.0",-,-,"570,486.0","960,705.8","9,526.0","56,049.0","1,807.0","3,034.0",-,"252,473.5","186,380.0",-,-,"59,915.0",-,"2,774.0","31,125.0",-,-,"17,486.0",-,-,"23,394.5"
2021,구로구,궁동,"1,823,033.6","119,677.0","51,579.0",-,-,"859,239.0","335,107.2",-,"160,120.0",-,"2,514.4","1,425.0","150,756.2",-,506,-,"50,615.0","9,441.0",486,"36,542.0",-,-,"41,959.2",-,-,"3,066.6"
2021,구로구,온수동,"840,469.8","22,705.0","34,555.0",-,-,"295,516.0","245,493.4","76,072.0","20,255.0",200,"1,031.0",-,"67,075.2","25,894.0",-,-,"18,489.0",-,873,"16,203.2",-,-,"3,479.0",-,-,"12,629.0"
2021,구로구,천왕동,"1,513,850.6","70,200.0","23,394.0",-,-,"365,450.0","552,735.3",586,"22,409.2","3,113.0",-,"1,977.0","134,630.0","115,022.0",420,"23,801.0","15,831.0",-,-,"141,398.3",-,-,"2,589.8",-,-,"40,294.0"
2021,구로구,항동,"1,436,147.2","196,735.0","172,892.0",-,-,"546,109.0","202,640.1","3,380.0","40,006.0",-,"1,311.0",528,"78,157.4","29,822.0","4,034.0",258,"37,215.7",634,"1,307.0","102,648.0",-,-,-,-,"14,083.0","4,387.0"
2021,금천구,소계,"13,020,482.2","27,905.0","20,703.0",-,-,"2,723,662.8","5,064,963.3","1,267,142.5","357,113.6","17,237.3","14,766.8","16,326.2","2,034,759.0","213,934.7","116,769.0","620,485.0","43,871.6","44,541.3","53,981.0","240,537.3","21,949.0",-,"29,973.4",-,559,"89,301.4"
2021,금천구,가산동,"2,516,862.0","1,034.0","10,301.0",-,-,183,"523,049.5","1,148,611.0",-,"1,660.8",616,"9,917.0","426,927.1","66,944.0","40,869.0","233,128.0","17,210.0","14,228.0",-,"3,650.6","17,043.0",-,-,-,-,"1,490.0"
2021,금천구,독산동,"4,208,052.2","1,301.0","2,406.0",-,-,"200,077.1","2,253,285.9","51,568.3","202,842.9","6,639.2","6,237.7",992,"859,568.1","43,999.5","44,056.0","213,214.0","7,304.7","18,615.0","49,418.0","155,857.1","4,906.0",-,"8,836.5",-,-,"76,927.2"
2021,금천구,시흥동,"6,295,568.0","25,570.0","7,996.0",-,-,"2,523,402.7","2,288,627.9","66,963.2","154,270.7","8,937.3","7,913.1","5,417.2","748,263.8","102,991.2","31,844.0","174,143.0","19,356.9","11,698.3","4,563.0","81,029.6",-,-,"21,136.9",-,559,"10,884.2"
2021,영등포구,소계,"24,548,211.1","29,557.0","37,125.0",-,-,"63,475.6","9,525,453.8","267,941.7","557,027.3","43,869.1","13,085.6","14,609.3","4,264,303.8","255,227.0","313,574.3","8,077,513.2","26,471.5","109,721.9","92,857.3","655,893.7","16,498.0",-,"147,537.7",-,131,"36,337.3"
2021,영등포구,영등포동,"587,995.1",193,-,-,-,321,"240,422.0",-,"20,629.2","2,205.0",-,-,"84,595.6","157,929.0",-,-,-,-,-,"80,717.1",-,-,983.2,-,-,-
2021,영등포구,영등포동1가,"79,073.1",-,-,-,-,-,"50,537.3",-,-,166.9,-,-,"28,368.9",-,-,-,-,-,-,-,-,-,-,-,-,-
2021,영등포구,영등포동2가,"310,413.6",-,-,-,-,-,"139,773.5",-,-,"1,922.8",-,-,"140,169.3",-,989,"19,691.0",17,-,-,"6,456.0",-,-,"1,395.0",-,-,-
2021,영등포구,영등포동3가,"117,863.8",-,-,-,-,-,"74,440.2",-,-,-,-,-,"43,423.6",-,-,-,-,-,-,-,-,-,-,-,-,-
2021,영등포구,영등포동4가,"194,223.8",-,-,-,-,-,"125,507.2",248,-,"5,725.5",-,-,"56,023.5","3,117.0",-,-,-,-,-,-,-,-,-,-,-,"3,602.6"
2021,영등포구,영등포동5가,"94,381.6",-,-,-,-,-,"66,776.0",-,-,102.1,-,-,"27,503.5",-,-,-,-,-,-,-,-,-,-,-,-,-
2021,영등포구,영등포동6가,"94,821.0",-,-,-,-,-,"64,379.4",-,-,928.7,-,-,"28,263.9",-,-,-,-,-,-,-,-,-,"1,249.0",-,-,-
2021,영등포구,영등포동7가,"287,344.7",-,-,-,-,-,"169,696.5",-,"15,479.0",862,404,-,"84,930.8",-,43,"9,972.0",-,-,-,"2,959.4",-,-,"2,998.0",-,-,-
2021,영등포구,영등포동8가,"163,186.7",-,-,-,-,-,"97,213.2","11,599.2",-,-,-,-,"47,346.2",182.8,-,-,-,-,410.3,"1,797.1",-,-,"4,637.9",-,-,-
2021,영등포구,여의도동,"8,433,298.9",-,-,-,-,-,"1,707,892.9",-,"84,870.0",-,715,-,"883,028.0",-,"161,591.0","5,324,899.0",-,-,-,"252,517.0",-,-,"17,064.0",-,-,722
2021,영등포구,당산동1가,"218,011.4",-,-,-,-,-,"135,952.9",392.4,-,-,-,"14,050.9","64,261.4",-,-,-,-,-,-,477.5,-,-,"2,876.3",-,-,-
2021,영등포구,당산동2가,"161,652.6",-,-,-,-,-,"108,945.1","14,955.7",-,-,-,-,"37,751.8",-,-,-,-,-,-,-,-,-,-,-,-,-
2021,영등포구,당산동3가,"363,251.0",-,-,-,-,-,"255,626.5","4,333.8",-,"12,467.4",-,558.4,"75,818.9",-,-,-,-,-,-,"11,124.7",-,-,"3,321.3",-,-,-
2021,영등포구,당산동4가,"295,242.7",-,-,-,-,-,"203,460.4","21,683.1",-,-,-,-,"66,710.7",-,-,-,-,-,-,"2,771.3",-,-,617.2,-,-,-
2021,영등포구,당산동5가,"288,791.6",-,-,-,-,-,"196,992.2","12,910.1","22,630.6",-,-,-,"50,580.3",-,-,-,-,-,-,"5,678.4",-,-,-,-,-,-
2021,영등포구,당산동6가,"167,282.1",215,-,-,-,-,"109,627.1","1,502.8",-,247.3,-,-,"51,295.1",-,"1,030.0",985,-,-,-,"1,642.5",-,-,234.2,-,-,503.1
2021,영등포구,당산동,"827,357.1",146,-,-,-,-,"104,719.6",-,"28,617.0",780,780,-,"176,732.5","3,934.0","20,798.0","453,055.0",-,-,-,"37,519.0",-,-,276,-,-,-
2021,영등포구,도림동,"588,744.4","1,755.0",66,-,-,317,"347,354.0",718,-,"1,009.0",-,-,"114,638.7","30,776.0","6,287.0","39,396.0","1,188.0","19,439.9",10,"7,345.3",-,-,"18,027.5",-,-,417
2021,영등포구,문래동1가,"163,595.5",-,-,-,-,-,"73,511.0","13,069.0","15,677.3",-,-,-,"55,009.0",151.2,816,"5,362.0",-,-,-,-,-,-,-,-,-,-
2021,영등포구,문래동2가,"147,184.6",-,-,-,-,-,"79,468.3","4,408.2",-,-,732.2,-,"38,292.9",-,"6,695.0","15,565.0","2,023.0",-,-,-,-,-,-,-,-,-
2021,영등포구,문래동3가,"670,315.0",-,-,-,-,-,"423,492.7","46,715.0","18,702.7",-,472.7,-,"152,162.7",-,-,-,-,-,-,"28,769.2",-,-,-,-,-,-
2021,영등포구,문래동4가,"175,265.7",-,-,-,-,-,"86,795.5","2,008.0",-,-,-,-,"51,129.4",-,"9,870.0","21,419.0",-,-,-,"2,202.4",-,-,"1,841.4",-,-,-
2021,영등포구,문래동5가,"305,331.1",-,-,-,-,-,"83,560.3","25,728.4",-,"1,761.7",-,-,"40,215.7",-,"24,833.0","127,727.0",-,-,-,"1,505.0",-,-,-,-,-,-
2021,영등포구,문래동6가,"323,410.3",-,-,-,-,-,"144,840.6","24,686.7","17,276.6",-,-,-,"54,740.7",-,"1,739.0","78,172.0",-,-,-,"1,954.7",-,-,-,-,-,-
2021,영등포구,양평동1가,"232,103.2",-,-,-,-,-,"149,052.1","2,388.4",-,-,"1,589.8",-,"76,794.6",-,-,-,-,-,-,"1,467.4",-,-,810.9,-,-,-
2021,영등포구,양평동2가,"190,505.6",-,-,-,-,-,"124,391.1","4,101.3","16,858.8",-,-,-,"44,202.1",-,-,-,-,-,-,158.4,-,-,-,-,-,793.9
2021,영등포구,양평동3가,"473,556.2",-,-,-,-,-,"219,784.3","18,581.0","35,131.8",-,-,-,"113,583.7",-,-,-,-,"57,134.5",-,"23,945.1",-,-,"3,468.5",-,-,"1,927.3"
2021,영등포구,양평동4가,"373,866.9",-,-,-,-,-,"185,829.1","30,304.9","37,217.0","1,804.6","1,255.6",-,"114,424.5",-,-,-,-,-,-,"1,995.2",-,-,"1,036.0",-,-,-
2021,영등포구,양평동5가,"221,560.5",-,-,-,-,-,"138,494.9","23,472.0",-,-,783.5,-,"58,553.7",-,-,-,-,-,-,-,-,-,-,-,-,256.4
2021,영등포구,양평동6가,"124,631.4",-,-,-,-,-,"84,562.2","3,787.7",-,-,-,-,"36,281.5",-,-,-,-,-,-,-,-,-,-,-,-,-
2021,영등포구,양화동,"1,702,807.0","12,258.0",-,-,-,"41,167.0","43,344.0",-,-,-,-,-,"110,628.0",-,"6,651.0","1,322,875.0",-,-,"87,339.0","77,572.0",-,-,-,-,-,973
2021,영등포구,신길동,"3,601,272.4","8,391.0","15,175.0",-,-,"21,670.6","2,259,862.6",-,"159,091.2","7,015.3","4,912.4",-,"823,356.7","59,137.0",33,"52,094.6","12,341.5","7,947.0","5,098.0","78,209.0",-,-,"70,422.5",-,116,"16,399.0"
2021,영등포구,대림동,"1,996,733.5","6,444.0","21,884.0",-,-,-,"1,229,149.1",348,"84,846.1","6,870.8","1,440.4",-,"396,890.9",-,"23,190.3","120,438.6","9,426.0","25,200.5",-,"27,110.0","16,498.0",-,"16,278.8",-,15,"10,703.0"
2021,영등포구,양평동,"573,137.0",155,-,-,-,-,-,-,-,-,-,-,"36,595.0",-,"49,009.0","485,862.0","1,476.0",-,-,-,-,-,-,-,-,40
2021,동작구,소계,"16,355,018.2","30,036.0","30,016.0",-,-,"2,396,846.7","7,838,099.9",782.1,"977,935.4","14,595.6","9,457.6",-,"2,358,325.5","144,739.0","9,368.5","637,510.7","69,483.3",713,"140,085.2","996,587.7","2,355.0",-,"118,179.0",-,"513,989.0","65,913.0"
2021,동작구,노량진동,"1,467,496.8",769,274,-,-,"3,179.0","898,129.8",-,"11,274.0",450,-,-,"290,269.1","112,144.0",-,"41,650.0","3,392.0",-,"31,917.2","47,972.8",-,-,"18,569.9",-,-,"7,506.0"
2021,동작구,상도동,"3,551,669.2","6,930.0","2,077.0",-,-,"444,839.9","2,131,541.6",782.1,"233,200.7","6,881.7","1,724.7",-,"468,118.8",-,-,-,"30,750.0",-,717,"189,576.8",-,-,"25,336.5",-,-,"9,192.4"
2021,동작구,상도1동,"314,724.9",-,-,-,-,-,"186,768.2",-,"15,746.4",-,-,-,"102,263.0",-,-,-,-,-,-,"4,713.0",-,-,"5,234.3",-,-,-
2021,동작구,본동,"757,448.8","1,552.0",-,-,-,"39,222.0","253,279.0",-,"18,743.6",-,-,-,"159,704.1",23,-,"141,526.0",897,-,"104,647.0","33,072.2",-,-,"3,375.0",-,-,"1,407.9"
2021,동작구,흑석동,"1,666,873.3","1,782.0",36,-,-,"182,993.1","775,208.4",-,"225,401.1","1,487.0","1,140.0",-,"214,774.6",90,"2,014.2","141,996.0","9,601.3",-,-,"81,034.2","2,355.0",-,"25,511.8",-,-,"1,448.6"
2021,동작구,동작동,"2,128,488.7","9,675.0","7,978.0",-,-,"959,383.0","138,720.5",-,"13,689.9",-,-,-,"212,583.6","4,370.0","7,140.0","176,126.0","10,320.0",713,-,"45,023.7",-,-,"2,212.0",-,"513,989.0","26,565.0"
2021,동작구,사당동,"3,281,830.2","4,841.0","17,259.0",-,-,"755,941.7","1,740,541.2",-,"160,932.1","2,593.3","1,862.9",-,"476,804.6",-,-,"32,486.0","2,245.0",-,-,"60,833.7",-,-,"21,478.7",-,-,"4,011.0"
2021,동작구,대방동,"1,530,403.1",782,478,-,-,"1,734.0","843,338.3",-,"235,497.6","1,204.9","2,247.4",-,"244,809.9","28,112.0",197.3,"25,158.0","9,441.0",-,"2,804.0","114,569.9",-,-,"5,355.8",-,-,"14,673.0"
2021,동작구,신대방동,"1,656,083.2","3,705.0","1,914.0",-,-,"9,554.0","870,572.9",-,"63,450.0","1,978.7","2,482.6",-,"188,997.8",-,17,"78,568.7","2,837.0",-,-,"419,791.4",-,-,"11,105.0",-,-,"1,109.1"
2021,관악구,소계,"29,568,313.5","124,468.5","55,333.0",-,-,"16,063,745.9","8,210,441.5",-,"958,516.7","17,841.1","12,393.9",-,"2,613,437.8",-,"15,639.7","545,163.2","114,796.7",-,"37,545.0","616,926.6","10,486.3",-,"79,670.9",-,26,"91,880.7"
2021,관악구,봉천동,"8,162,537.9","72,906.5","8,605.0",-,-,"2,448,157.1","3,562,220.7",-,"362,964.7","1,892.4","6,164.0",-,"1,093,378.5",-,-,"128,629.9","52,444.7",-,"20,897.0","347,851.6","10,486.3",-,"37,735.7",-,10,"8,193.8"
2021,관악구,신림동,"18,137,697.7","26,415.0","46,567.0",-,-,"10,892,553.8","4,318,163.6",-,"576,360.7","12,797.4","4,179.9",-,"1,384,738.0",-,"15,639.7","416,018.3","46,213.0",-,"16,648.0","263,395.8",-,-,"38,572.1",-,16,"79,419.4"
2021,관악구,남현동,"3,268,077.9","25,147.0",161,-,-,"2,723,035.0","330,057.2",-,"19,191.3","3,151.3","2,050.0",-,"135,321.3",-,-,515,"16,139.0",-,-,"5,679.2",-,-,"3,363.1",-,-,"4,267.5"
2021,서초구,소계,"46,981,620.7","2,182,250.3","1,556,015.0","5,991.0",388,"17,829,429.4","13,153,969.8",-,"909,375.2","35,684.1","50,742.0","6,613.0","6,299,998.8","2,338.2","217,284.6","2,493,613.5","278,709.0","85,537.3","72,009.3","1,023,657.8","1,982.5","2,347.0","37,306.3",-,"16,854.0","719,524.6"
2021,서초구,방배동,"6,734,907.1","58,371.0","105,602.0",-,-,"2,317,821.3","2,798,727.3",-,"175,731.2","4,524.4","17,175.1",-,"986,303.4","2,278.0",66,"57,595.0","65,179.1",-,"30,353.0","41,326.8",-,-,"6,577.3",-,-,"67,276.2"
2021,서초구,양재동,"4,071,452.3","30,792.0","14,104.0",-,-,"621,859.0","1,615,977.4",-,"51,974.5","11,636.2","13,372.1",-,"834,790.8",-,-,"277,047.3","3,964.0",-,-,"424,164.9",-,-,"4,015.3",-,152,"167,602.8"
2021,서초구,우면동,"4,128,181.0","107,932.0","54,069.0",-,-,"2,295,600.0","864,791.1",-,"42,918.2","6,323.2","1,598.3","1,501.0","370,540.2",-,"2,573.0","141,111.9","9,123.0","7,020.0",100,"167,247.6","1,982.5",-,"9,764.7",-,-,"43,985.3"
2021,서초구,원지동,"5,131,595.0","415,388.0","346,028.0","5,991.0",-,"3,878,061.0","57,906.0",-,-,-,-,-,"301,770.0",-,-,"2,172.0","101,182.0",-,-,553,-,"2,347.0",909,-,"3,159.0","16,129.0"
2021,서초구,잠원동,"3,035,875.5",53,-,-,-,-,"1,192,847.5",-,"94,567.5",-,"1,697.9",-,"641,007.8",-,"42,333.1","976,504.1",-,-,-,"40,488.8",-,-,"3,817.7",-,-,"42,558.1"
2021,서초구,반포동,"4,784,317.6","4,134.0",968,-,-,"244,441.0","2,251,704.3",-,"187,108.6","3,241.7","5,151.5",-,"838,658.6",-,"172,312.5","850,100.9","17,396.9","76,544.6","1,012.0","105,452.1",-,-,"5,916.9",-,"13,190.0","6,984.0"
2021,서초구,서초동,"6,412,347.6","31,682.0","19,930.0",-,-,"995,170.1","3,514,554.2",-,"325,886.0","3,089.6","9,779.2",-,"1,259,356.5",60.2,-,"6,454.0","1,135.0",-,"33,989.3","84,454.3",-,-,-,-,-,"126,807.2"
2021,서초구,내곡동,"8,266,038.3","1,009,632.3","587,727.0",-,388,"5,089,984.0","441,107.0",-,"20,473.4","3,617.6","1,967.9","4,448.0","698,222.5",-,-,"55,004.0","49,335.0",-,"6,555.0","62,975.3",-,-,"1,993.3",-,-,"232,608.0"
2021,서초구,염곡동,"1,642,851.5","218,604.0","114,947.0",-,-,"957,255.0","138,925.4",-,"9,481.0",-,-,-,"152,209.1",-,-,"19,760.0","17,404.0",-,-,"2,933.0",-,-,"2,174.0",-,-,"9,159.0"
2021,서초구,신원동,"2,774,054.8","305,662.0","312,640.0",-,-,"1,429,238.0","277,429.6",-,"1,234.8","3,251.4",-,664,"217,139.9",-,-,"107,864.3","13,990.0","1,972.7",-,"94,062.0",-,-,"2,138.1",-,353,"6,415.0"
2021,강남구,소계,"39,497,507.0","641,489.1","725,627.4",-,-,"6,033,233.0","16,314,513.0","8,331.0","1,488,554.8","64,736.1","64,073.4",685.3,"6,778,375.6","218,796.5","114,579.5","4,008,944.9","31,412.0","104,311.1","22,897.6","1,675,179.9","6,908.1",-,"160,751.8",-,"30,558.0","1,003,548.9"
2021,강남구,역삼동,"3,497,522.3",327,-,-,-,-,"2,473,987.8",-,"70,793.7","1,023.4","6,168.8",396.3,"851,863.8",11.4,-,-,-,-,-,"56,416.0","6,908.1",-,"28,036.5",-,-,"1,589.5"
2021,강남구,개포동,"5,424,693.9","114,621.0","119,660.0",-,-,"1,669,356.0","1,743,117.3",-,"357,046.1","12,827.2","2,057.7",-,"655,909.0",828.2,-,"202,409.4","7,069.0",-,-,"485,190.0",-,-,"4,418.2",-,-,"50,184.8"
2021,강남구,청담동,"2,332,909.5",-,-,-,-,-,"1,052,407.8",-,"109,035.0","1,446.9","5,343.8",-,"506,004.4",130.9,"29,835.9","528,679.0",-,-,-,"72,228.8",-,-,"3,127.6",-,-,"24,669.4"
2021,강남구,삼성동,"3,193,589.8",-,-,-,-,-,"1,693,146.2",-,"163,781.4",-,"9,228.4",-,"668,029.2",385.5,"6,826.3","317,108.8",-,-,"15,770.7","252,248.6",-,-,"67,064.7",-,-,-
2021,강남구,대치동,"3,791,374.5","5,369.1",352.4,-,-,"2,205.0","2,113,259.8",-,"163,397.8","1,362.8","8,604.1",-,"722,919.0",144.8,"31,360.3","448,199.3",-,"84,053.3",287,"76,912.6",-,-,"9,118.4",-,-,"123,828.8"
2021,강남구,신사동,"1,723,335.6","4,654.0",-,-,-,-,"945,878.1",-,"30,186.5","3,277.5","4,166.7",-,"410,664.1",55.5,-,"271,824.0",-,-,-,"35,683.7",-,-,"16,181.5",-,-,764
2021,강남구,논현동,"2,717,301.0",-,-,-,-,-,"1,927,991.5",-,"38,261.9","1,971.0","7,990.4",-,"696,791.5",75.3,-,-,-,-,-,"40,491.9",-,-,"3,727.5",-,-,-
2021,강남구,압구정동,"2,685,131.5",-,-,-,-,-,"786,178.7",-,"122,587.0",-,-,-,"436,690.7",101.4,-,"1,290,051.9",-,-,-,"47,470.7",-,-,-,-,-,"2,051.1"
2021,강남구,세곡동,"2,419,519.9","184,964.0","61,131.0",-,-,"849,705.0","389,029.5","8,331.0","23,553.1","5,610.4","2,400.0",-,"279,119.4",-,241,"274,975.2","5,941.0","10,848.9",-,"62,393.7",-,-,"4,966.7",-,"5,798.0","250,512.0"
2021,강남구,자곡동,"2,666,441.0","43,961.0","297,212.0",-,-,"966,775.0","586,625.1",-,"49,935.9","2,634.6","9,208.9",-,"203,697.8","167,344.0","13,469.0","53,655.0","9,753.0","7,043.4",150,"179,366.1",-,-,"1,614.7",-,"24,760.0","49,235.5"
2021,강남구,율현동,"1,274,935.6","178,095.0","132,992.0",-,-,"379,431.0","169,185.7",-,-,"3,369.9",17,289,"146,856.5",-,"1,535.0","119,779.0",962,-,-,"75,713.9",-,-,"3,429.6",-,-,"63,280.0"
2021,강남구,일원동,"3,103,355.1","56,504.0","14,911.0",-,-,"788,209.0","976,397.4",-,"140,084.7","3,833.6",711.4,-,"461,106.3",-,-,"225,526.0","4,599.0",-,278.2,"116,813.8",-,-,"1,955.7",-,-,"312,425.0"
2021,강남구,수서동,"2,629,439.1","37,052.0","94,378.0",-,-,"1,037,821.0","437,679.7",-,"83,341.7","26,713.8",894,-,"370,316.0","48,962.0","31,312.0","188,305.0","1,639.0","2,365.5","6,411.7","127,174.6",-,-,"10,961.5",-,-,"124,111.6"
2021,강남구,도곡동,"2,037,958.2","15,942.0","4,991.0",-,-,"339,731.0","1,019,628.4",-,"136,550.0",665,"7,282.2",-,"368,407.9",757.5,-,"88,432.3","1,449.0",-,-,"47,075.5",-,-,"6,149.2",-,-,897.2
2021,송파구,소계,"33,877,056.7","563,990.0","747,693.0",-,-,"768,073.0","14,670,080.6",-,"1,393,632.3","105,560.3","39,021.2","3,157.0","6,141,219.0","64,648.0","425,613.7","5,337,217.5","46,211.8","264,642.0","7,041.2","2,315,766.0","423,851.4","17,799.0","27,681.9","225,728.9",524,"287,904.9"
2021,송파구,잠실동,"5,211,941.9",-,-,-,-,-,"2,074,753.9",-,"212,186.5",219.4,"1,897.3",-,"962,883.3",-,"141,625.1","1,053,063.1",-,"66,212.8",-,"277,251.2","402,815.9","17,799.0","1,234.4",-,-,-
2021,송파구,신천동,"4,346,310.8",-,-,-,-,-,"955,359.3",-,"61,767.9",-,-,-,"391,418.7","13,211.5","38,976.4","2,702,742.2",-,"30,264.0",-,"151,777.3",-,-,793.5,-,-,-
2021,송파구,풍납동,"2,356,381.6","34,010.0",387,-,-,"1,709.0","848,585.5",-,"63,931.0","6,701.0",690,-,"424,003.9",-,"88,204.8","603,445.2",11,"15,574.9",-,"25,158.4",-,-,"3,526.0","225,728.9",-,"14,715.0"
2021,송파구,송파동,"1,319,423.2",-,-,-,-,"14,311.0","837,715.0",-,"96,188.5",797,"2,404.6",-,"315,201.6",-,-,-,-,-,-,"51,931.8",-,-,-,-,-,873.7
2021,송파구,석촌동,"946,728.7",-,-,-,-,-,"602,212.1",-,"30,881.7",831.5,"4,717.0",-,"253,635.7",-,-,-,-,-,-,"52,338.5",-,-,"2,112.2",-,-,-
2021,송파구,삼전동,"952,761.0","6,595.0",-,-,-,-,"511,440.2",-,"38,679.1","1,915.6","2,480.2",-,"234,559.7",-,"11,953.4","128,703.9",-,-,-,"14,453.4",-,-,"1,980.5",-,-,-
2021,송파구,가락동,"3,431,874.4","5,103.0",821,-,-,"1,710.0","2,142,514.1",-,"128,493.2","1,211.7","2,088.7",-,"630,785.3",-,"66,648.0","205,145.0","2,818.0","100,706.0",-,"141,651.4",-,-,"2,045.0",-,-,134
2021,송파구,문정동,"2,609,844.0","104,808.0","188,810.0",-,-,"1,660.0","1,280,542.9",-,"69,512.5",-,"1,924.7",-,"481,827.9","51,304.5","22,043.0","107,538.6","10,810.0",-,-,"177,946.6",-,-,-,-,-,"111,115.3"
2021,송파구,장지동,"2,720,445.5","170,542.0","264,495.0",-,-,"80,263.0","807,928.5",-,"85,855.4","80,145.2","11,635.1","2,957.0","664,154.2",132,"56,163.0","200,788.6","15,151.0",-,"6,310.0","200,678.9",-,-,"5,851.9",-,104,"67,290.7"
2021,송파구,방이동,"4,468,042.4","101,965.0","207,741.0",-,-,"25,456.0","2,162,989.0",-,"343,757.1",-,"2,489.2",-,"679,841.8",-,-,"219,723.5","2,533.0","51,884.3",-,"593,607.3","11,858.0",-,"2,777.0",-,-,"61,420.2"
2021,송파구,오금동,"1,651,707.3","11,825.0","7,424.0",-,-,"19,517.0","754,719.7",-,"115,575.2",798.6,"3,499.7",-,"394,880.2",-,-,"59,078.2",922,-,705,"282,687.7",-,-,-,-,-,75
2021,송파구,거여동,"2,391,891.1","68,775.0","77,824.0",-,-,"556,565.0","1,015,176.9",-,"94,886.6","5,789.6","3,774.6",-,"410,055.2",-,-,"17,062.6","11,795.8",-,-,"95,737.1","4,426.5",-,"1,084.5",-,420,"28,517.7"
2021,송파구,마천동,"1,469,704.8","60,367.0",191,-,-,"66,882.0","676,143.5",-,"51,917.6","7,150.7","1,420.1",200,"297,971.5",-,-,"39,926.6","2,171.0",-,26.2,"250,546.4","4,751.0",-,"6,276.9",-,-,"3,763.3"
2021,강동구,소계,"24,590,492.0","1,187,729.7","859,978.0","2,670.0",-,"2,831,391.9","9,006,388.1","3,514.0","767,598.6","70,848.0","25,240.2","2,269.0","3,870,514.0","258,637.0","338,616.7","3,305,447.9","39,058.5","43,102.2","311,388.0","1,177,766.2","3,480.0",-,"33,817.4","99,440.0","2,537.0","349,059.6"
2021,강동구,명일동,"1,575,542.0","9,601.0","11,577.0",-,-,"318,275.0","822,043.5",-,"59,392.5","3,078.1","2,486.8",-,"246,014.4",-,-,19,-,"1,458.0",-,"65,491.9",-,-,"11,823.5",-,129,"24,152.3"
2021,강동구,고덕동,"4,015,814.2","285,517.7","163,703.0",-,-,"560,563.0","865,943.0",-,"174,695.7","2,120.0",-,300,"461,192.4","258,614.0","101,493.0","555,631.0","13,048.0","31,018.0",-,"332,947.4","1,804.0",-,"2,733.0",-,-,"204,491.0"
2021,강동구,상일동,"2,923,316.9","172,136.0","65,408.0",-,-,"701,751.0","875,255.3",-,"109,628.2","1,764.0","4,641.0","1,969.0","551,867.4",-,-,"60,522.9",306,-,-,"328,894.8",-,-,"1,969.2","1,086.0","1,384.0","44,734.1"
2021,강동구,길동,"1,611,207.8","26,276.0","25,056.0",-,-,"240,033.0","806,275.7",-,"45,619.0","2,796.4","1,756.9",-,"375,186.1",-,-,-,"1,987.0",-,-,"74,024.7",-,-,"2,497.0",-,-,"9,700.0"
2021,강동구,둔촌동,"2,461,511.8","126,458.0","48,698.0","2,670.0",-,"528,482.0","1,096,864.1","3,514.0","126,182.2","4,271.0","5,510.3",-,"318,986.9",-,-,-,"2,385.0",-,"21,867.0","163,924.0","1,676.0",-,"2,792.7",-,172,"7,058.6"
2021,강동구,암사동,"4,711,364.2","326,702.0","152,408.0",-,-,"385,420.2","1,092,395.9",-,"80,655.2","1,999.5","3,231.5",-,"428,333.4",-,"157,289.4","1,659,355.0",-,-,"289,521.0","26,683.1",-,-,350,"98,354.0",478,"8,188.0"
2021,강동구,성내동,"1,958,987.6",956,433,-,-,551,"1,333,188.7",-,"41,168.7",-,"4,850.5",-,"556,910.8",-,-,93,442.5,-,-,"18,729.2",-,-,995.2,-,-,669
2021,강동구,천호동,"3,065,543.3","1,622.0",320,-,-,"1,231.0","1,597,614.8",-,"86,265.1","9,598.3","1,362.7",-,"539,231.9",23,"32,668.3","740,720.0",114,"10,626.2",-,"40,813.4",-,-,"2,487.2",-,-,845.4
2021,강동구,강일동,"2,267,204.2","238,461.0","392,375.0",-,-,"95,085.7","516,807.1",-,"43,992.0","45,220.7","1,400.5",-,"392,790.7",-,"47,166.0","289,107.0","20,776.0",-,-,"126,257.7",-,-,"8,169.6",-,374,"49,221.2"